編號,變動,系統分類,名稱,參數化公式,中文說明,參數a,參數b,參數c,參數d,參數e,參數f,參數g,參數h,參數i,參數j,參數k,參數l
1,0,1-成長經驗,升級所需經驗,(a×等級^b+c)×轉生經驗倍率+轉生經驗基礎增加值,升到下一級所需經驗；a=係數 b=次方 c=常數 d=等級上限。轉生經驗倍率見「轉生對照表」,30,2.2,40,9999,0,0,0,0,0,0,0,0
2,0,1-成長經驗,等級基礎四維,a+(等級-1)×b,力/敏/智/耐四項相同，每升 1 級各 +b。a=初始值 b=每級成長。,5,2,0,0,0,0,0,0,0,0,0,0
3,0,1-成長經驗,技能點總預算,初始a；未轉生每級+b；上限c,初始兩個 1 級技能也計入；已使用=所有技能等級總和；可用=總預算-已使用。,2,1,10000,0,0,0,0,0,0,0,0,0
4,0,1-成長經驗,技能裝載欄,"clamp(⌊等級/a⌋, b, c)",每 a 級 +1 格，最少 b、最多 c。,20,2,20,0,0,0,0,0,0,0,0,0
5,0,1-成長經驗,可轉生等級 / 最高轉生,達到a級可轉生；最高b轉,a=可轉生等級 b=最高轉生次數。,9999,10,0,0,0,0,0,0,0,0,0,0
6,0,1-成長經驗,轉生經驗倍率,a^轉生次數,每次轉生升級經驗需求為上一次的 a 倍。,10,0,0,0,0,0,0,0,0,0,0,0
7,0,1-成長經驗,神鑄系統解鎖等級,b 轉達到a級開放,解鎖後永久保留，轉生不關閉。a=解鎖等級 b=解鎖轉生等級，必需兩個條件都滿足才解鎖,1,1,0,0,0,0,0,0,0,0,0,0
8,0,1-轉生對照表,轉生 0 次,（查表）,a=生命與四維最終倍率 b=升級經驗倍率  c=升級經驗基礎增加值 d=階級名稱 e=一般主動技能增加上限 f=融合技增加上限。　※基準列：倍率與經驗基礎增加值固定為0；階級名稱/技能上限由程式陣列控制。,1,10^0,0,冒險者,20,0,0,0,0,0,0,0
9,0,1-轉生對照表,轉生 1 次,（查表）,a=生命與四維最終倍率 b=升級經驗倍率  c=升級經驗基礎增加值 d=階級名稱 e=一般主動技能增加上限 f=融合技增加上限。,10,10^1,100000,勇者,30,20,0,0,0,0,0,0
10,0,1-轉生對照表,轉生 2 次,（查表）,a=生命與四維最終倍率 b=升級經驗倍率  c=升級經驗基礎增加值 d=階級名稱 e=一般主動技能增加上限 f=融合技增加上限。,20,10^2,300000,大劍師,40,40,0,0,0,0,0,0
11,0,1-轉生對照表,轉生 3 次,（查表）,a=生命與四維最終倍率 b=升級經驗倍率  c=升級經驗基礎增加值 d=階級名稱 e=一般主動技能增加上限 f=融合技增加上限。,40,10^3,900000,破世者,50,60,0,0,0,0,0,0
12,0,1-轉生對照表,轉生 4 次,（查表）,a=生命與四維最終倍率 b=升級經驗倍率  c=升級經驗基礎增加值 d=階級名稱 e=一般主動技能增加上限 f=融合技增加上限。,80,10^4,2700000,不朽者,60,80,0,0,0,0,0,0
13,0,1-轉生對照表,轉生 5 次,（查表）,a=生命與四維最終倍率 b=升級經驗倍率  c=升級經驗基礎增加值 d=階級名稱 e=一般主動技能增加上限 f=融合技增加上限。,160,10^5,8100000,王者,70,100,0,0,0,0,0,0
14,0,1-轉生對照表,轉生 6 次,（查表）,a=生命與四維最終倍率 b=升級經驗倍率  c=升級經驗基礎增加值 d=階級名稱 e=一般主動技能增加上限 f=融合技增加上限。,320,10^6,24300000,大主宰,80,120,0,0,0,0,0,0
15,0,1-轉生對照表,轉生 7 次,（查表）,a=生命與四維最終倍率 b=升級經驗倍率  c=升級經驗基礎增加值 d=階級名稱 e=一般主動技能增加上限 f=融合技增加上限。,640,10^7,72900000,神聖尊者,90,140,0,0,0,0,0,0
16,0,1-轉生對照表,轉生 8 次,（查表）,a=生命與四維最終倍率 b=升級經驗倍率  c=升級經驗基礎增加值 d=階級名稱 e=一般主動技能增加上限 f=融合技增加上限。,1280,10^8,218700000,大聖王,100,160,0,0,0,0,0,0
17,0,1-轉生對照表,轉生 9 次,（查表）,a=生命與四維最終倍率 b=升級經驗倍率  c=升級經驗基礎增加值 d=階級名稱 e=一般主動技能增加上限 f=融合技增加上限。,2560,10^9,656100000,至高主宰,110,180,0,0,0,0,0,0
18,0,1-轉生對照表,轉生 10 次,（查表）,a=生命與四維最終倍率 b=升級經驗倍率  c=升級經驗基礎增加值 d=階級名稱 e=一般主動技能增加上限 f=融合技增加上限。,5120,10^12,1968300000,位面創世神,120,200,0,0,0,0,0,0
19,0,2-屬性派生,生命上限,(a+(等級-1)×b+耐力×c+生命定值)×(1+生命%),a=基礎 b=每級 c=每點耐力。再乘轉生倍率。,120,22,10,0,0,0,0,0,0,0,0,0
20,0,2-屬性派生,法力上限,(a+智力×b+法力定值),a=基礎 b=每點智力。再乘轉生倍率。,40,2,0,0,0,0,0,0,0,0,0,0
21,0,2-屬性派生,法力恢復/秒,a+智力×b+加成,a=基礎 b=每點智力。,2,0.002,0,0,0,0,0,0,0,0,0,0
22,0,2-屬性派生,物理攻擊,(a+(等級-1)×b+力量×c+物攻定值)×(1+物攻%),a=基礎 b=每級 c=每點力量。,8,1.6,2,0,0,0,0,0,0,0,0,0
23,0,2-屬性派生,魔法攻擊,(a+(等級-1)×b+智力×c+魔攻定值)×(1+魔攻%),a=基礎 b=每級 c=每點智力。,6,1.2,2,0,0,0,0,0,0,0,0,0
24,0,2-屬性派生,物理防禦,(a+(等級-1)×b+耐力×c+物防定值)×(1+物防%),a=基礎 b=每級 c=每點耐力。,4,1,0.9,0,0,0,0,0,0,0,0,0
25,0,2-屬性派生,魔法防禦,(a+(等級-1)×b+智力×c+魔防定值)×(1+物防%),a=基礎 b=每級 c=每點智力。共用物防%詞條。,3,0.8,0.7,0,0,0,0,0,0,0,0,0
26,0,2-屬性派生,暴擊率,a+敏捷×b+加成,a=基礎% b=每點敏捷。上限 100%。,5,0.00005,0,0,0,0,0,0,0,0,0,0
27,0,2-屬性派生,連擊數,a* LN(暴擊率%) + b * 暴擊率% + c,a=自然對數乘數 b=爆擊乘數 c=常數 。,0.875,0.008,0.025,0,0,0,0,0,0,0,0,0
28,0,2-屬性派生,暴擊傷害,a+加成,a=基礎%（無上限）。,150,0,0,0,0,0,0,0,0,0,0,0
29,0,2-屬性派生,攻擊速度,a×(1+(攻速%+敏捷×b)/100),a=基礎次/秒 b=每點敏捷%。下限 0.2、上限 5。,1,0,0,0,0,0,0,0,0,0,0,0
30,0,2-屬性派生,命中率,敏捷×a+加成,a=每點敏捷%（減去敵方閃避後最低 5%）。,0,0,0,0,0,0,0,0,0,0,0,0
31,0,2-屬性派生,閃避率,敏捷×a+加成,a=每點敏捷%。,0.0001,0,0,0,0,0,0,0,0,0,0,0
32,0,2-屬性派生,負重上限,力量×a+詞條,a=每點力量。,0.5,0,0,0,0,0,0,0,0,0,0,0
33,0,2-屬性派生,野外基礎生命恢復,最大生命×a%/秒,a=每秒回復比例（高塔內無此回復）。,1.5,0,0,0,0,0,0,0,0,0,0,0
34,0,2-屬性派生,全局減傷,"min(a%, 總合/(總合+b))",a=減傷上限% b=分母常數。無此詞綴時倍率為 1。,100,100,0,0,0,0,0,0,0,0,0,0
35,0,2-屬性上限,暴擊率 上限,上限 = a,a=暴擊率上限（%）。攻擊時造成額外暴擊傷害的機率。,0,0,0,0,0,0,0,0,0,0,0,0
36,0,2-屬性上限,物理穿透 上限,上限 = a,a=物理穿透上限（%）。造成物理傷害時無視敵方一定比例的物理防禦。,80,0,0,0,0,0,0,0,0,0,0,0
37,0,2-屬性上限,魔法穿透 上限,上限 = a,a=魔法穿透上限（%）。造成魔法傷害時無視敵方一定比例的魔法防禦。,80,0,0,0,0,0,0,0,0,0,0,0
38,0,2-屬性上限,冷卻縮減 上限,上限 = a,a=冷卻縮減上限（%）。減少技能所需的冷卻時間。,60,0,0,0,0,0,0,0,0,0,0,0
39,0,2-屬性上限,施法速度 上限,上限 = a,a=施法速度上限（%）。縮短技能的施放延遲或詠唱時間。,50,0,0,0,0,0,0,0,0,0,0,0
40,0,2-屬性上限,吸血 上限,上限 = a,a=吸血上限（%）。造成傷害時將部分傷害轉化為自身生命值。,60,0,0,0,0,0,0,0,0,0,0,0
41,0,2-屬性上限,吸魔 上限,上限 = a,a=吸魔上限（%）。造成傷害時將部分傷害轉化為自身法力值。,30,0,0,0,0,0,0,0,0,0,0,0
42,0,2-屬性上限,格擋率 上限,上限 = a,a=格擋率上限（%）。受到攻擊時觸發格擋以減輕傷害的機率。,50,0,0,0,0,0,0,0,0,0,0,0
43,0,2-屬性上限,格擋減傷(詞條部分) 上限,上限 = a,a=格擋減傷「詞條部分」上限（%）。實際格擋減傷 = 30%基礎 + 詞條(≤a)，合計上限 80%。,50,0,0,0,0,0,0,0,0,0,0,0
44,0,2-屬性上限,閃避率 上限,上限 = a,a=閃避率上限（%）。完全避開敵人攻擊的機率（受敵方命中率影響）。,0,0,0,0,0,0,0,0,0,0,0,0
45,0,2-屬性上限,韌性 上限,上限 = a,a=韌性上限（%）。降低自身被暈眩、減速等控制狀態的機率。,60,0,0,0,0,0,0,0,0,0,0,0
46,0,2-屬性上限,物理抗性 上限,上限 = a,a=物理抗性上限（%）。結算防禦後再按比例直接減免物理傷害。,95,0,0,0,0,0,0,0,0,0,0,0
47,0,2-屬性上限,魔法抗性 上限,上限 = a,a=魔法抗性上限（%）。結算防禦後再按比例直接減免魔法傷害。,95,0,0,0,0,0,0,0,0,0,0,0
48,0,2-屬性上限,六系元素抗性 上限,上限 = a,a=六系元素（火/冰/雷/毒/光/暗）抗性各自的上限（%）。按比例降低該屬性傷害。,95,0,0,0,0,0,0,0,0,0,0,0
49,0,2-屬性上限,控制抵抗 上限,上限 = a,a=控制抵抗上限（%）。全面降低所有負面異常狀態的命中率。,80,0,0,0,0,0,0,0,0,0,0,0
50,0,2-屬性上限,控制時間縮減 上限,上限 = a,a=控制時間縮減上限（%）。減少被暈眩、減速等控制狀態的持續時間。,60,0,0,0,0,0,0,0,0,0,0,0
51,0,2-屬性上限,移動速度 上限,上限 = a,a=移動速度上限（%）。提高探索地圖、遇敵或到達終點的速度。,50,0,0,0,0,0,0,0,0,0,0,0
52,0,2-屬性上限,幸運值 上限,上限 = a,a=幸運值上限（數值，非%）。提升洗煉或合成時出現高階詞條的機率。,100,0,0,0,0,0,0,0,0,0,0,0
53,0,2-屬性上限,合成變異率 上限,上限 = a,a=合成變異率上限（%）。合成時發生特殊異變（如詞條升級）的機率。,60,0,0,0,0,0,0,0,0,0,0,0
54,0,2-屬性上限,狂暴閾值 上限,上限 = a,a=狂暴閾值上限（%）。影響怪物進入狂暴狀態的時間點或血量條件。,30,0,0,0,0,0,0,0,0,0,0,0
55,0,2-屬性上限,詞條上限率 上限,上限 = a,a=詞條上限率上限（%）。影響洗煉或生成時獲得更多詞條的機率。,100,0,0,0,0,0,0,0,0,0,0,0
56,0,2-屬性上限,被動-連擊 上限,上限 = a,a=連擊被動觸發率上限（%）。,45,0,0,0,0,0,0,0,0,0,0,0
57,0,2-屬性上限,被動-暈眩 上限,上限 = a,a=暈眩被動觸發率上限（%）。,30,0,0,0,0,0,0,0,0,0,0,0
58,0,3-戰鬥核心,防禦減傷率,防禦/(防禦+a+b×攻擊者等級),a=常數 b=每級係數。有效防禦≤0 時視為 0% 減傷。,60,8,0,0,0,0,0,0,0,0,0,0
59,0,3-戰鬥核心,敵種傷害抗性,抗性值總合/(抗性值總合+a+b×攻擊者等級),a=常數 b=每級係數。普通敵人/菁英/BOSS傷害抗性三屬性共用曲線；依攻擊者敵種選用對應抗性總合，於全局減傷之後、最低傷害之前的最末端套用；抗性值≤0 時不減傷。詞條放出量見「表-詞條池」。,100,0.25,0,0,0,0,0,0,0,0,0,0
60,0,3-戰鬥核心,傷害浮動,"×rnd(a, b)",每次傷害的隨機浮動區間。,0.9,1.1,0,0,0,0,0,0,0,0,0,0
61,0,3-戰鬥核心,最低傷害下限,"max(a, 傷害)",所有減傷/抗性/格擋結算後、護盾吸收前，每次命中至少造成 a 點傷害。,1,0,0,0,0,0,0,0,0,0,0,0
62,0,3-戰鬥核心,減速狀態攻速,攻速×a,a=減速時攻擊冷卻累積倍率（-30%）。,0.7,0,0,0,0,0,0,0,0,0,0,0
63,0,3-戰鬥核心,控場遞減,"控制持續時間×max(0, 1−每秒遞減率×經過秒數)",普通敵人每秒遞減 1%；菁英每秒遞減 3%；BOSS 不受控場遞減。,1,3,0,0,0,0,0,0,0,0,0,0
64,0,3-戰鬥核心,擊殺回復,最大生命×a%,野外每擊殺一隻回復（吸魂被動再另加）。,12,0,0,0,0,0,0,0,0,0,0,0
65,0,3-戰鬥核心,溢出治療轉護盾,溢出×a%,a=溢出治療轉為護盾的比例。,1,0,0,0,0,0,0,0,0,0,0,0
66,0,3-戰鬥核心,護盾上限(治療轉化),最大生命×a%×(1+護盾效率%),a=治療轉護盾的上限比例。,10,0,0,0,0,0,0,0,0,0,0,0
67,0,3-戰鬥核心,護盾上限(技能給予),最大生命×a%,a=技能護盾上限比例；量本身再×(1+護盾效率%)。　※寫死：技能直接給予的護盾上限＝最大生命 50%(skills.js)。,10000,0,0,0,0,0,0,0,0,0,0,0
68,0,3-戰鬥核心,聖佑(神鑄)減傷上限,"受傷×(1-min(值,a%))",a=聖佑特效減傷上限。,50,0,0,0,0,0,0,0,0,0,0,0
69,0,3-戰鬥核心,不朽(神鑄)回復,致命時保 1 血並回復 a%，b 秒限一次,a=回復最大生命% b=冷卻秒數。,30,60,0,0,0,0,0,0,0,0,0,0
70,0,3-戰鬥核心,怪物固定戰鬥值,暴擊a% 暴傷b% 命中c% 攻速d,怪物固定值；初次出手延遲 = 1/攻速 + 0.4 秒。,5,150,100,0.75,0,0,0,0,0,0,0,0
71,0,3-元素特效,冰霜 特效,每次命中 a% 機率觸發,敵人減速 2 秒（受控制時間縮減影響、可被控制抵抗擋下）,15,0,0,0,0,0,0,0,0,0,0,0
72,0,3-元素特效,雷電 特效,每次命中 a% 機率觸發,追加該次元素傷害 80% 的連鎖電擊,10,0,0,0,0,0,0,0,0,0,0,0
73,0,3-元素特效,劇毒 特效,每次命中 a% 機率觸發,中毒：每秒受元素傷害 50% 的跳傷，持續 4 秒（無視防禦）,25,0,0,0,0,0,0,0,0,0,0,0
74,0,3-元素特效,聖光 特效,每次命中 a% 機率觸發,淨化攻擊者自身全部負面狀態,20,0,0,0,0,0,0,0,0,0,0,0
75,0,3-元素特效,暗影 特效,每次命中 a% 機率觸發,汲取元素傷害的 25% 回復生命　※寫死：100%觸發、汲取元素傷害25%回復生命，無獨立可調參數。,100,0,0,0,0,0,0,0,0,0,0,0
76,0,4-野外怪物,生命,(a+階段×b)×c^(階段-1),a=常數 b=每階 c=指數底。,30,8,1.095,0,0,0,0,0,0,0,0,0
77,0,4-野外怪物,攻擊,(a+階段×b)×c^(階段-1),a=常數 b=每階 c=指數底。,6,1.2,1.11,0,0,0,0,0,0,0,0,0
78,0,4-野外怪物,物理防禦,(a+階段×b)×c^(階段-1),魔法防禦 = 物理防禦×0.75。,2,0.5,1.08,0,0,0,0,0,0,0,0,0
79,0,4-野外怪物,金幣,(a+階段×b)×c^(階段-1),a=常數 b=每階 c=指數底。,20,1,1.02,0,0,0,0,0,0,0,0,0
80,0,4-野外怪物,經驗,(a+階段×b)×c^(階段-1),a=常數 b=每階 c=指數底。,8,1,1.06,0,0,0,0,0,0,0,0,0
81,0,4-野外怪物,攻擊速度,a 次/秒,a=普通怪攻速。,2,0,0,0,0,0,0,0,0,0,0,0
82,0,4-野外怪物,命中率,a%+敵人等級×b%,"敵人等級=階段。實際命中率沿用戰鬥核心：clamp(命中-玩家閃避, 5, 100)。",100,4,0,0,0,0,0,0,0,0,0,0
83,0,4-野外怪物,閃避率,a%+敵人等級×b%,"敵人等級=階段。實際命中率沿用戰鬥核心：clamp(閃避-玩家命中, 5, 100)。",10,4,0,0,0,0,0,0,0,0,0,0
84,0,4-野外怪物,菁英倍率,生命×a 攻擊×b 金幣經驗×c 閃避d 攻速e,菁英出現於階段為 10 的倍數，敵人數量與普通怪一致。,3,2,2,5,3,0,0,0,0,0,0,0
85,0,4-野外怪物,野外菁英掉落倍率,所有掉落 ×a,菁英敵人裝備/材料/寶石/零件掉落率統一乘 a（程式實際值）。,1.3,0,0,0,0,0,0,0,0,0,0,0
86,0,4-敵人數量,1 隻,權重 = a,普通與菁英每波獨立擲骰；高塔 BOSS 固定單一。權重總和 100。,60,0,0,0,0,0,0,0,0,0,0,0
87,0,4-敵人數量,2 隻,權重 = a,普通與菁英每波獨立擲骰；高塔 BOSS 固定單一。權重總和 100。,25,0,0,0,0,0,0,0,0,0,0,0
88,0,4-敵人數量,3 隻,權重 = a,普通與菁英每波獨立擲骰；高塔 BOSS 固定單一。權重總和 100。,10,0,0,0,0,0,0,0,0,0,0,0
89,0,4-敵人數量,4 隻,權重 = a,普通與菁英每波獨立擲骰；高塔 BOSS 固定單一。權重總和 100。,5,0,0,0,0,0,0,0,0,0,0,0
90,0,4-場景倍率,草原,（查表）,a=生命 b=攻擊 c=防禦 d=攻速 e=經驗/金幣/材料倍率 f=解鎖條件。裝備掉落表不受場景倍率影響。,1,1,1,1,1,—,0,0,0,0,0,0
91,0,4-場景倍率,荒漠,（查表）,a=生命 b=攻擊 c=防禦 d=攻速 e=經驗/金幣/材料倍率 f=解鎖條件。裝備掉落表不受場景倍率影響。,2.2,1.8,1.6,1.5,1.25,草原最高 100 階,0,0,0,0,0,0
92,0,4-場景倍率,沼澤,（查表）,a=生命 b=攻擊 c=防禦 d=攻速 e=經驗/金幣/材料倍率 f=解鎖條件。裝備掉落表不受場景倍率影響。,4,2.8,2.4,2,1.5,荒漠最高 100 階,0,0,0,0,0,0
93,0,4-高塔BOSS,對應野外階段,a+樓層×b,以此階段的野外怪為基準。,4,5,0,0,0,0,0,0,0,0,0,0
94,0,4-高塔BOSS,BOSS 等級,對應階段+a,a=等級加值。,3,0,0,0,0,0,0,0,0,0,0,0
95,0,4-高塔BOSS,命中率,a%+BOSS階層×b%,"BOSS階層=樓層。實際命中率沿用戰鬥核心：clamp(命中-玩家閃避, 5, 100)。",200,20,0,0,0,0,0,0,0,0,0,0
96,0,4-高塔BOSS,挑戰金幣消耗,round(a×樓層^b),開始挑戰前扣除，失敗或撤退不退回。,100000,2.6,0,0,0,0,0,0,0,0,0,0
97,0,4-高塔BOSS,生命,基準生命×a（地獄之塔再×b）（煉獄之塔再×c）,a=一般倍率 b=地獄之塔倍率 c=煉獄之塔倍率。,20,20,10,0,0,0,0,0,0,0,0,0
98,0,4-高塔BOSS,攻擊,基準攻擊×a（地獄之塔再×b）（煉獄之塔再×c）,a=一般倍率 b=地獄之塔倍率 c=煉獄之塔倍率。,3,5,5,0,0,0,0,0,0,0,0,0
99,0,4-高塔BOSS,物/魔防,基準物/魔防×a,a=防禦倍率。,10,0,0,0,0,0,0,0,0,0,0,0
100,0,4-高塔BOSS,攻速 / 控制抵抗,攻速a 次/秒；控制抵抗b%,a=攻速 b=控制抵抗。,5,70,0,0,0,0,0,0,0,0,0,0
101,0,4-高塔BOSS,閃避率,"min(a+樓層*c, b)%",a=基礎 b=上限 c=加乘值。,20,10000000,40,0,0,0,0,0,0,0,0,0
102,0,4-高塔BOSS,元素附傷(元素 BOSS),基準攻擊×a（地獄之塔再×b）,a=係數 b=地獄之塔倍率。以魔法攻擊結算。,3,20,0,0,0,0,0,0,0,0,0,0
103,0,4-高塔BOSS,經驗,建議野外階段普通怪經驗×a,再套用玩家經驗加成。,2,0,0,0,0,0,0,0,0,0,0,0
104,0,4-高塔BOSS,戰鬥規則,限時a秒；b秒檢查狂暴（血量>50%+狂暴閾值→傷害×c）；每d秒蓄力重擊×2.2,a=限時 b=狂暴檢查 c=狂暴傷害倍率 d=蓄力周期。,60,40,3,8,0,0,0,0,0,0,0,0
105,0,4-高塔BOSS,地獄之塔範圍,第a~b層,a=起始層 b=結束層（100 層後未開放）。生命×5、攻擊×2。,51,100,0,0,0,0,0,0,0,0,0,0
106,0,4-高塔BOSS,試煉之塔範圍,第a~b層,a=起始層 b=結束層。,1,50,0,0,0,0,0,0,0,0,0,0
107,0,4-高塔BOSS,魔魂本源(地獄之塔),"min(100, a% + (樓層-51)×b%)",僅地獄之塔；獨立判定 1 顆。,5,1,0,0,0,0,0,0,0,0,0,0
108,0,4-高塔BOSS,高塔 BOSS 魔塵,"min(a%, b% + 樓層×c%)",a=上限 b=基礎 c=每層。,30,2,0.2,0,0,0,0,0,0,0,0,0
109,0,4-高塔BOSS,試練之塔範圍,{試煉之塔：第a~b層}{地獄之塔：第a~b層}{煉獄之塔：第a~b層},a=起始層 b=結束層。,{1~50},{51~100},{101~150},0,0,0,0,0,0,0,0,0
110,0,5-掉落通則,掉寶率效果折半,有效掉寶率 = 來源合計×a,裝備詞條/附魔/神鑄貪婪/技能尋寶/相關分解零件的掉寶率效果統一×a。,0.5,0,0,0,0,0,0,0,0,0,0,0
111,0,5-掉落通則,加速齒輪固定加成,實際加成 = 每階×階級 + a,a=分解速度固定加成（個百分點）。,50,0,0,0,0,0,0,0,0,0,0,0
112,0,5-掉落通則,掉落件數規則(>100%),⌊機率/100⌋ + (餘數% 再 1 件),每品質獨立擲骰；實際機率 = 表值×(1+有效掉寶率%)，野外菁英再×1.5。　※規則寫死：機率整數部分必掉，餘數再擲一次。,0,0,0,0,0,0,0,0,0,0,0,0
113,0,5-稀有度擲骰,權重加成 b,b = 1 + 有效掉寶加成/a + 階段×c,a=掉寶除數 c=每階加成。,200,0.006,0,0,0,0,0,0,0,0,0,0
114,0,5-稀有度擲骰,普通 權重,"權重 = a×min(b, c)",a=基礎權重 b=權重加成 c=加成上限 d=出現門檻。普通無加成。神鑄創世不參與此擲骰。(目前裝備合成功能關閉中),55,b,-,—,0,0,0,0,0,0,0,0
115,0,5-稀有度擲骰,精良 權重,"權重 = a×min(b, c)",a=基礎權重 b=權重加成 c=加成上限 d=出現門檻。普通無加成。神鑄創世不參與此擲骰。(目前裝備合成功能關閉中),25,b,2,—,0,0,0,0,0,0,0,0
116,0,5-稀有度擲骰,稀有 權重,"權重 = a×min(b, c)",a=基礎權重 b=權重加成 c=加成上限 d=出現門檻。普通無加成。神鑄創世不參與此擲骰。(目前裝備合成功能關閉中),12,b,2.5,—,0,0,0,0,0,0,0,0
117,0,5-稀有度擲骰,獨特 權重,"權重 = a×min(b, c)",a=基礎權重 b=權重加成 c=加成上限 d=出現門檻。普通無加成。神鑄創世不參與此擲骰。(目前裝備合成功能關閉中),5.5,b,3,—,0,0,0,0,0,0,0,0
118,0,5-稀有度擲骰,史詩 權重,"權重 = a×min(b, c)",a=基礎權重 b=權重加成 c=加成上限 d=出現門檻。普通無加成。神鑄創世不參與此擲骰。(目前裝備合成功能關閉中),1.8,b,3.5,階段 8+,0,0,0,0,0,0,0,0
119,0,5-稀有度擲骰,傳說 權重,"權重 = a×min(b, c)",a=基礎權重 b=權重加成 c=加成上限 d=出現門檻。普通無加成。神鑄創世不參與此擲骰。(目前裝備合成功能關閉中),0.35,b,4,階段 15+,0,0,0,0,0,0,0,0
120,0,5-稀有度擲骰,神話 權重,"權重 = a×min(b, c)",a=基礎權重 b=權重加成 c=加成上限 d=出現門檻。普通無加成。神鑄創世不參與此擲骰。(目前裝備合成功能關閉中),0.08,b,4.5,階段 25+,0,0,0,0,0,0,0,0
121,0,5-稀有度擲骰,創世 權重,"權重 = a×min(b, c)",a=基礎權重 b=權重加成 c=加成上限 d=出現門檻。普通無加成。神鑄創世不參與此擲骰。(目前裝備合成功能關閉中),0.015,b,5,階段 40+,0,0,0,0,0,0,0,0
122,0,5-野外裝備掉落,普通裝備,各怪物等級區間掉落率%（{等級下限~上限=機率}）,每品質獨立擲骰。實際機率 = 表值×(1+有效掉寶率%)，菁英再×1.5；場景倍率不作用於裝備。,{1~49=15},{50~99=35},{100~199=40},{200+=50},0,0,0,0,0,0,0,0
123,0,5-野外裝備掉落,精良裝備,各怪物等級區間掉落率%（{等級下限~上限=機率}）,每品質獨立擲骰。實際機率 = 表值×(1+有效掉寶率%)，菁英再×1.5；場景倍率不作用於裝備。,{1~49=10},{50~99=20},{100~199=30},{200+=40},0,0,0,0,0,0,0,0
124,0,5-野外裝備掉落,稀有裝備,各怪物等級區間掉落率%（{等級下限~上限=機率}）,每品質獨立擲骰。實際機率 = 表值×(1+有效掉寶率%)，菁英再×1.5；場景倍率不作用於裝備。,{1~49=5},{50~99=8},{100~199=15},{200+=30},0,0,0,0,0,0,0,0
125,0,5-野外裝備掉落,獨特裝備,各怪物等級區間掉落率%（{等級下限~上限=機率}）,每品質獨立擲骰。實際機率 = 表值×(1+有效掉寶率%)，菁英再×1.5；場景倍率不作用於裝備。,{1~49=0},{50~99=5},{100~199=10},{200+=10},0,0,0,0,0,0,0,0
126,0,5-野外裝備掉落,史詩裝備,各怪物等級區間掉落率%（{等級下限~上限=機率}）,每品質獨立擲骰。實際機率 = 表值×(1+有效掉寶率%)，菁英再×1.5；場景倍率不作用於裝備。,{1~49=0},{50~99=0},{100~199=5},{200+=6},0,0,0,0,0,0,0,0
127,0,5-野外裝備掉落,傳說裝備,各怪物等級區間掉落率%（{等級下限~上限=機率}）,每品質獨立擲骰。實際機率 = 表值×(1+有效掉寶率%)，菁英再×1.5；場景倍率不作用於裝備。,{1~49=0},{50~99=0},{100~199=1.5},{200+=2.5},0,0,0,0,0,0,0,0
128,0,5-野外裝備掉落,神話裝備,各怪物等級區間掉落率%（{等級下限~上限=機率}）,每品質獨立擲骰。實際機率 = 表值×(1+有效掉寶率%)，菁英再×1.5；場景倍率不作用於裝備。,{1~49=0},{50~99=0},{100~199=0},{200+=0.2},0,0,0,0,0,0,0,0
129,0,5-野外裝備掉落,創世裝備,各怪物等級區間掉落率%（{等級下限~上限=機率}）,每品質獨立擲骰。實際機率 = 表值×(1+有效掉寶率%)，菁英再×1.5；場景倍率不作用於裝備。,{1~49=0},{50~99=0},{100~199=0},{150+=0},0,0,0,0,0,0,0,0
130,0,5-野外寶石掉落,怪物等級 1~50,各階級獨立判定機率%,a=1級 b=2級 c=3級 d=4級 e=5級。實際機率 ×(1+掉寶率%)×場景倍率。,2,0.5,0.2,0,0,0,0,0,0,0,0,0
131,0,5-野外寶石掉落,怪物等級 51~100,各階級獨立判定機率%,a=1級 b=2級 c=3級 d=4級 e=5級。實際機率 ×(1+掉寶率%)×場景倍率。,4,0.8,0.3,0,0,0,0,0,0,0,0,0
132,0,5-野外寶石掉落,怪物等級 101~150,各階級獨立判定機率%,a=1級 b=2級 c=3級 d=4級 e=5級。實際機率 ×(1+掉寶率%)×場景倍率。,6,1.1,0.4,0,0,0,0,0,0,0,0,0
133,0,5-野外寶石掉落,怪物等級 151~200,各階級獨立判定機率%,a=1級 b=2級 c=3級 d=4級 e=5級。實際機率 ×(1+掉寶率%)×場景倍率。,8,1.4,0.5,0.1,0,0,0,0,0,0,0,0
134,0,5-野外寶石掉落,怪物等級 201~250,各階級獨立判定機率%,a=1級 b=2級 c=3級 d=4級 e=5級。實際機率 ×(1+掉寶率%)×場景倍率。,10,1.7,0.6,0.2,0,0,0,0,0,0,0,0
135,0,5-野外寶石掉落,怪物等級 251~300,各階級獨立判定機率%,a=1級 b=2級 c=3級 d=4級 e=5級。實際機率 ×(1+掉寶率%)×場景倍率。,12,2,0.7,0.3,0.2,0,0,0,0,0,0,0
136,0,5-野外寶石掉落,怪物等級 301+,各階級獨立判定機率%,a=1級 b=2級 c=3級 d=4級 e=5級。實際機率 ×(1+掉寶率%)×場景倍率。,14,2.3,0.8,0.4,0.3,0,0,0,0,0,0,0
137,0,5-野外材料,附魔書,a% × (1+掉寶率%) × 場景倍率,階段 8+，隨機一種。,4,0,0,0,0,0,0,0,0,0,0,0
138,0,5-野外材料,魔塵,"min(a%, b% + (敵人等級-c)×d%)",敵人等級 150+，每次成功固定 1 顆；不受掉寶率與場景倍率影響。,5,0.1,150,0.1,0,0,0,0,0,0,0,0
139,0,5-野外材料,太古精華,"min(a%, b% + (敵人等級-c)×d%)",敵人等級 250+，每隻獨立判定 1 顆；不受掉寶率與場景倍率影響。,20,2,250,0.2,0,0,0,0,0,0,0,0
140,0,5-野外材料,自動機組零件,機率a%（菁英×1.5）,"階段 5+。階級 = clamp(1+⌊階段/12⌋+(菁英?1:0), 1, 7)。",0.5,0,0,0,0,0,0,0,0,0,0,0
141,0,5-太古詞條,野外太古詞條機率,"min(a%, b% + (敵人等級-c)×d%)",等級≥200 且史詩以上裝備逐詞條判定；敵人等級<250 時維持基礎 b%。,3,1,250,0.1,0,0,0,0,0,0,0,0
142,0,5-太古詞條,高塔太古詞條機率,"min(a%, b% + (樓層-c)×d%)",以樓層計算；樓層<40 時為 0。裝備等級≥200 且史詩以上逐詞條判定。,100,5,40,0.5,0,0,0,0,0,0,0,0
143,0,5-太古詞條,高塔太古精華機率,"min(a%, b% + (樓層-c)×d%)",以樓層計算；每場獨立判定 1 顆。,100,10,40,2,0,0,0,0,0,0,0,0
144,0,5-太古詞條,太古詞條數值倍率,原詞條上限 × a,a=太古詞條強度倍率（上限已含×1.2，再×a）。,1.35,0,0,0,0,0,0,0,0,0,0,0
145,0,5-高塔獎勵,零件階級,"clamp(1+⌊(樓層-1)/a⌋, 1, 7)",首通必得、重複通關 30%。,4,0,0,0,0,0,0,0,0,0,0,0
146,0,5-高塔獎勵,金幣,a×樓層（首通×2）,a=每層金幣。,200,0,0,0,0,0,0,0,0,0,0,0
147,0,5-高塔獎勵,寶石,"clamp(1+⌊樓層/a⌋, 1, 5)，隨機種類×2 顆",a=樓層除數。,4,0,0,0,0,0,0,0,0,0,0,0
148,0,5-高塔獎勵,附魔精華,a+樓層,a=常數（另附魔書×2）。,3,0,0,0,0,0,0,0,0,0,0,0
149,0,5-高塔獎勵,裝備戰利品等級,a+樓層×b,依 BOSS 掉落表擲骰。,4,5,0,0,0,0,0,0,0,0,0,0
150,0,5-高塔裝備掉落,普通裝備,各樓層區間掉落率%（{樓層下限~上限=機率}）,每品質獨立擲骰，>100% 依必掉+餘數規則；實際機率 ×(1+有效掉寶率%)。,{1~5=0},{6~10=0},{11~15=0},{16~20=0},{21~25=0},{26~30=0},{31+=0},0,0,0,0,0
151,0,5-高塔裝備掉落,精良裝備,各樓層區間掉落率%（{樓層下限~上限=機率}）,每品質獨立擲骰，>100% 依必掉+餘數規則；實際機率 ×(1+有效掉寶率%)。,{1~5=0},{6~10=0},{11~15=0},{16~20=0},{21~25=0},{26~30=0},{31+=0},0,0,0,0,0
152,0,5-高塔裝備掉落,稀有裝備,各樓層區間掉落率%（{樓層下限~上限=機率}）,每品質獨立擲骰，>100% 依必掉+餘數規則；實際機率 ×(1+有效掉寶率%)。,{1~5=100},{6~10=100},{11~15=0},{16~20=0},{21~25=0},{26~30=0},{31+=0},0,0,0,0,0
153,0,5-高塔裝備掉落,獨特裝備,各樓層區間掉落率%（{樓層下限~上限=機率}）,每品質獨立擲骰，>100% 依必掉+餘數規則；實際機率 ×(1+有效掉寶率%)。,{1~5=50},{6~10=100},{11~15=100},{16~20=150},{21~25=250},{26~30=300},{31+=300},0,0,0,0,0
154,0,5-高塔裝備掉落,史詩裝備,各樓層區間掉落率%（{樓層下限~上限=機率}）,每品質獨立擲骰，>100% 依必掉+餘數規則；實際機率 ×(1+有效掉寶率%)。,{1~5=10},{6~10=20},{11~15=100},{16~20=100},{21~25=150},{26~30=200},{31+=200},0,0,0,0,0
155,0,5-高塔裝備掉落,傳說裝備,各樓層區間掉落率%（{樓層下限~上限=機率}）,每品質獨立擲骰，>100% 依必掉+餘數規則；實際機率 ×(1+有效掉寶率%)。,{1~5=5},{6~10=10},{11~15=50},{16~20=50},{21~25=100},{26~30=150},{31+=150},0,0,0,0,0
156,0,5-高塔裝備掉落,神話裝備,各樓層區間掉落率%（{樓層下限~上限=機率}）,每品質獨立擲骰，>100% 依必掉+餘數規則；實際機率 ×(1+有效掉寶率%)。,{1~5=0},{6~10=2},{11~15=5},{16~20=20},{21~25=33},{26~30=40},{31+=50},0,0,0,0,0
157,0,5-高塔裝備掉落,創世裝備,各樓層區間掉落率%（{樓層下限~上限=機率}）,每品質獨立擲骰，>100% 依必掉+餘數規則；實際機率 ×(1+有效掉寶率%)。,{1~5=0},{6~10=0},{11~15=1},{16~20=2.5},{21~25=5},{26~30=10},{31+=15},0,0,0,0,0
158,0,6-裝備,詞條數值,"(base+base×lv係數×(裝備等級-1))×稀有度倍率×rnd(0.8,1.2)",base/lv係數見「詞條池」；稀有度倍率見「稀有度表」。　※指標列：base/lv 見「表-詞條池」，稀有度倍率見「表-稀有度」。,0,0,0,0,0,0,0,0,0,0,0,0
159,0,6-裝備,太古詞條數值,基準值×1.2×a,a=太古倍率（=原上限的 135%）。　※實際由「5-太古詞條/太古詞條數值倍率」控制，本列不生效。,1.35,0,0,0,0,0,0,0,0,0,0,0
160,0,6-裝備,強化倍率,1 + a×強化等級,裝備每 +1，全詞條數值 +5%。,0.05,0,0,0,0,0,0,0,0,0,0,0
161,0,6-裝備,特殊被動數值,base + perR×(稀有度-a),a=稀有級索引（稀有=基準）。base/perR 見「特殊被動表」。　※指標列：base/perR 見「表-特殊被動」。,2,0,0,0,0,0,0,0,0,0,0,0
162,0,6-裝備,神鑄特效數值,"base × rnd(0.8, 1.2)",base 見「神鑄特效表」。神力為額外乘區、彼此相乘。　※指標列：base 見「表-神鑄特效」。,0,0,0,0,0,0,0,0,0,0,0,0
163,0,6-裝備,附魔-攻擊類,(a+裝備等級×b)×稀有度倍率×(1+c×寶石等級),火焰附魔再×1.25。寶石等級只在混合合成帶入。,5,1.2,0.15,0,0,0,0,0,0,0,0,0
164,0,6-裝備,附魔-防禦/功能類,"min(a + 稀有度×b + 寶石等級×c, d)",a=基礎 b=每階 c=每寶石等級 d=上限%。,8,4,3,60,0,0,0,0,0,0,0,0
165,0,6-裝備,手動附魔費用,a 本附魔書 + b 附魔精華,取下返還書、不退精華。,1,5,0,0,0,0,0,0,0,0,0,0
166,0,6-裝備,戰力評分,Σ(詞條×權重×強化)+Σ(寶石×權重) →被動×1.15 →神鑄特效×(1+a×件數) →+Σ(附魔×1.2攻/×2防) →×(1+稀有度×b),詞條/寶石權重見「戰力權重表」。a=每條神鑄特效加成 b=稀有度加成。自動換裝門檻：新評分>舊×1.02。,0.15,0.06,0,0,0,0,0,0,0,0,0,0
167,0,6-裝備,分解-碎片,"max(1, (a+裝備等級×b)×分解係數×rnd(0.85,1.15))",分解係數見「稀有度表」salv 欄。,2,0.6,0,0,0,0,0,0,0,0,0,0
168,0,6-裝備,分解-金幣,(a+裝備等級)×分解係數×b,a=常數 b=金幣係數。,3,0.5,0,0,0,0,0,0,0,0,0,0
169,0,6-分解精華機率,附魔精華拆解機率,稀有度基礎機率 × (1+精粹透鏡加成/100),一列列出各稀有度基礎機率%。>100% 採必得+餘數。,0.1,0.5,1,2,4,8,20,100,100,0,0,0
170,0,6-分解精華機率,太古精華拆解機率(依稀有度),基礎機率×太古萃取器倍率；另每條太古詞條 50% 判定,史詩0.5 傳說1 神話10 創世100 神鑄100（普通~獨特不掉）。,0,0,0,0,0.5,1,10,100,100,0,0,0
171,0,6-神鑄,裝備神鑄成功率,"clamp(基礎 + 魔塵數×a, 0, 100)",基礎：傳說55 神話40 創世25。a=每魔塵加成%。,5,0,0,0,0,0,0,0,0,0,0,0
172,0,6-神鑄,裝備神鑄基礎成功率,傳說a 神話b 創世c（%）,依素材品質。,55,40,25,0,0,0,0,0,0,0,0,0
173,0,6-神鑄,裝備神鑄金幣,傳說a 神話b 創世c,單次金幣消耗。,5000000,20000000,100000000,0,0,0,0,0,0,0,0,0
174,0,6-神鑄,裝備神鑄時間(秒),傳說a 神話b 創世c,0,3,5,8,0,0,0,0,0,0,0,0,0
175,0,6-神鑄,寶石神鑄成功率,"clamp(基礎 + 魔塵數×a, 0, 100)",基礎：5階45 6階35 7階25 8階15 9階5。a=每魔塵加成%。,3,0,0,0,0,0,0,0,0,0,0,0
176,0,6-神鑄,寶石神鑄基礎成功率,5階a 6階b 7階c 8階d 9階e（%）,依素材階級。,50,40,35,25,15,0,0,0,0,0,0,0
177,0,6-神鑄,寶石神鑄金幣,a + (素材階級-b)×a,a=基礎 b=起始階級。,1000000,5,0,0,0,0,0,0,0,0,0,0
178,0,6-神鑄,寶石神鑄時間(秒),5階a 6階b 7階c 8階d 9階e,0,2,3,4,5,6,0,0,0,0,0,0,0
179,0,6-神鑄,神鑄失敗,裝備消耗a件退b件；寶石消耗a顆退b顆；每次失敗得魔塵1,a=消耗 b=退回。,3,3,0,0,0,0,0,0,0,0,0,0
180,0,6-神鑄,神鑄槽位 / 魔塵上限,法陣a格；魔塵最多b個,a=槽位 b=魔塵上限。,6,6,0,0,0,0,0,0,0,0,0,0
181,0,7-強化,基礎成功率,"+5 以內 100%；之後 max(a%, 100% - (目標等級-5)×b%)",a=下限 b=每級遞減。實際=基礎+強化成功率屬性。,30,6,0,0,0,0,0,0,0,0,0,0
182,0,7-強化,金幣費用,a × b^目前強化等級 × (1+裝備等級×c),0,25,1.45,0.08,0,0,0,0,0,0,0,0,0
183,0,7-強化,碎片費用,a × b^目前強化等級 × (1+裝備等級×c),0,8,1.35,0.04,0,0,0,0,0,0,0,0,0
184,0,7-強化,失敗懲罰,消耗半數費用，強化等級不變,寫死：失敗消耗半數費用。,0,0,0,0,0,0,0,0,0,0,0,0
185,0,7-洗煉,金幣費用,a × b^稀有度 × (1+裝備等級×c),0,40,1.7,0.15,0,0,0,0,0,0,0,0,0
186,0,7-洗煉,精華費用,普通~傳說 1+稀有度；神話a 創世b 神鑄c,a/b/c=神話/創世/神鑄創世固定值。,9,14,20,0,0,0,0,0,0,0,0,0
187,0,7-洗煉,太古精華洗煉,勾選後根據裝備品質消耗，本次每詞條 a% 成為太古,a=太古機率。,30,0,0,0,0,0,0,0,0,0,0,0
188,0,7-洗煉,太古精華洗煉消耗,勾選後根據裝備品質消耗，本次每詞條 a% 成為太古,根據裝備品質每次使用太古精華的消耗數量，a=普通 b=精良 c=稀有 d=獨特 e=史詩 f=傳說 g=神話 h=創世 i=神鑄創世 的消耗數量,1,1,1,1,1,1,2,3,4,0,0,0
189,0,7-合成,大成功率,a% + 幸運核心×每階8% + 幸運值/2,a=基礎%。,5,0,0,0,0,0,0,0,0,0,0,0
190,0,7-合成,品質合成,3 件同稀有度 → 1 件高一階（等級=平均）；大成功再+1 階,合成功能已停用(SYNTHESIS_ENABLED=false)，本列未生效。,0,0,0,0,0,0,0,0,0,0,0,0
191,0,7-合成,混合合成,1 裝備+1 寶石+1 附魔書 → 附魔（威力吃寶石等級）；大成功稀有度+1,合成功能已停用，本列未生效。,0,0,0,0,0,0,0,0,0,0,0,0
192,0,7-合成,合成變異,機率=合成變異率屬性（上限60%）；附魔威力×1.5 並追加 1 條詞條,合成功能已停用，本列未生效。,0,0,0,0,0,0,0,0,0,0,0,0
193,0,7-分解速度,分解處理速度,間隔 = a 秒 ÷ (1+加速加成),加速齒輪每階+25%，另固定+50 個百分點。　※＝生產線處理間隔，由「7-容量/生產線處理間隔」控制，本列不生效。,2,0,0,0,0,0,0,0,0,0,0,0
194,0,7-分解槽,分解槽解鎖費用,a × b^(目標格數-1),初始 10 格、上限 20 格。,10000,3,0,0,0,0,0,0,0,0,0,0
195,0,7-容量,輸送帶容量,a（固定上限）,程式實際為固定 20000；超出的新裝備直接丟棄。,20000,0,0,0,0,0,0,0,0,0,0,0
196,0,7-容量,合成暫存區,a + ⌊負重上限/b⌋,0,30,2,0,0,0,0,0,0,0,0,0,0
197,0,7-容量,背包容量,a + 背包擴充次數,上限 1000 格；滿了自動分解新進裝備。,60,0,0,0,0,0,0,0,0,0,0,0
198,0,7-容量,背包擴充費用,a × 購買次數²,購買次數=本次為第幾次擴充；達 1000 格後不可再擴充。,10000,0,0,0,0,0,0,0,0,0,0,0
199,0,7-容量,生產線處理間隔,a 秒/件,0,2,0,0,0,0,0,0,0,0,0,0,0
200,0,8-寶石,能力數值(1~5階),base × 等級 × (1 + a×(等級-1)),base 見「寶石種類表」。Lv1×1 Lv2×2.4 Lv3×4.2 Lv4×6.4 Lv5×9。,0.2,0,0,0,0,0,0,0,0,0,0,0
201,0,8-寶石,能力數值(6~10階神鑄),五階數值 × a^(階級-5),每高 1 階能力×a。,2,0,0,0,0,0,0,0,0,0,0,0
202,0,8-寶石,寶石升階(工廠自動),c 顆同種同級 → 1 顆同種高一級,免費、自動（熔爐合成節點開關）。　※合成功能已停用，本列未生效。,3,0,0,0,0,0,0,0,0,0,0,0
203,0,8-寶石,寶石合成(手動),2 顆同種同級 → 1 顆同種下一階,金幣費用依素材等級：100/300/900/2700/8100。,0,0,0,0,0,0,0,0,0,0,0,0
204,0,8-寶石,寶石合成金幣,依素材等級 a/b/c/d/e,1級→2級 a、2級→3級 b …。,100,300,900,2700,8100,0,0,0,0,0,0,0
205,0,8-寶石,寶石轉換(九宮格),a 格；每格上限 b 顆；同階轉換數量不變（免費）,融合寶石無法轉換。,9,1000,0,0,0,0,0,0,0,0,0,0
206,0,8-寶石,寶石拆解(一般),⌊2^(N-1) × a⌋ 顆同種 1 級,a=保留比例（損失 30%）。2級→1 3級→2 4級→5 5級→11。,0.7,0,0,0,0,0,0,0,0,0,0,0
207,0,8-寶石,寶石拆解(融合),⌊16×leaves × a⌋ 顆 1 級（依屬性均分）,leaves=素材 5 階總數（融合時雙方相加）。　※與「寶石拆解(一般)」共用保留率，本列不生效。,0.7,0,0,0,0,0,0,0,0,0,0,0
208,0,8-寶石,寶石融合成功率,"max(a%, b% - c%×雙方融合次數和)",僅 5 階；產出雙屬性。,10,60,10,0,0,0,0,0,0,0,0,0
209,0,8-寶石,寶石融合數值,"同屬性 rnd(較小值,較大值×2)；異屬性 原值×rnd(0.5,1.5)","失敗：較弱一方降解為 50% 機率 4~8 顆 Lv1 / 50% 機率 2~4 顆 Lv2。　※結構寫死：同屬性 rnd(小,大×2)、異屬性 原值×rnd(0.5,1.5)。",0,0,0,0,0,0,0,0,0,0,0,0
210,0,8-寶石商店,升級費用,a + 商店等級^b × c,Lv.1~20；Lv.20 滿級。,10000,3,4000000,0,0,0,0,0,0,0,0,0
211,0,8-寶石商店,手動刷新費用,a × (下一次重置序號^b),第一次刷新序號為 1。,5000,2.5,0,0,0,0,0,0,0,0,0,0
212,0,8-寶石商店,刷新週期,a 小時重置刷新次數,0,8,0,0,0,0,0,0,0,0,0,0,0
213,0,8-寶石商店,寶石標價(Lv1~10),各階價格,a=Lv1 … j=Lv10。,10000,100000,500000,2000000,10000000,50000000,200000000,1000000000,10000000000,1000000000000,0,0
214,0,8-寶店刷出數量,商店 Lv.1,刷出數量=機率%（每格獨立）,格式「刷出數量=機率%」，機率總和 100。,5=50,6=50,0,0,0,0,0,0,0,0,0,0
215,0,8-寶店刷出數量,商店 Lv.2,刷出數量=機率%（每格獨立）,格式「刷出數量=機率%」，機率總和 100。,5=50,6=40,7=10,0,0,0,0,0,0,0,0,0
216,0,8-寶店刷出數量,商店 Lv.3,刷出數量=機率%（每格獨立）,格式「刷出數量=機率%」，機率總和 100。,5=50,6=30,7=10,8=10,0,0,0,0,0,0,0,0
217,0,8-寶店刷出數量,商店 Lv.4,刷出數量=機率%（每格獨立）,格式「刷出數量=機率%」，機率總和 100。,5=45,6=30,7=15,8=10,0,0,0,0,0,0,0,0
218,0,8-寶店刷出數量,商店 Lv.5,刷出數量=機率%（每格獨立）,格式「刷出數量=機率%」，機率總和 100。,5=40,6=30,7=15,8=15,0,0,0,0,0,0,0,0
219,0,8-寶店刷出數量,商店 Lv.6,刷出數量=機率%（每格獨立）,格式「刷出數量=機率%」，機率總和 100。,5=35,6=30,7=15,8=15,9=5,0,0,0,0,0,0,0
220,0,8-寶店刷出數量,商店 Lv.7,刷出數量=機率%（每格獨立）,格式「刷出數量=機率%」，機率總和 100。,6=35,7=30,8=15,9=15,10=5,0,0,0,0,0,0,0
221,0,8-寶店刷出數量,商店 Lv.8,刷出數量=機率%（每格獨立）,格式「刷出數量=機率%」，機率總和 100。,6=30,7=30,8=15,9=15,10=10,0,0,0,0,0,0,0
222,0,8-寶店刷出數量,商店 Lv.9,刷出數量=機率%（每格獨立）,格式「刷出數量=機率%」，機率總和 100。,7=30,8=30,9=15,10=15,11=10,0,0,0,0,0,0,0
223,0,8-寶店刷出數量,商店 Lv.10,刷出數量=機率%（每格獨立）,格式「刷出數量=機率%」，機率總和 100。,8=30,9=30,10=15,11=15,12=10,0,0,0,0,0,0,0
224,0,8-寶店刷出數量,商店 Lv.11,刷出數量=機率%（每格獨立）,格式「刷出數量=機率%」，機率總和 100。,9=30,10=30,11=15,12=15,13=10,0,0,0,0,0,0,0
225,0,8-寶店刷出數量,商店 Lv.12,刷出數量=機率%（每格獨立）,格式「刷出數量=機率%」，機率總和 100。,10=30,11=30,12=15,13=15,14=10,0,0,0,0,0,0,0
226,0,8-寶店刷出數量,商店 Lv.13,刷出數量=機率%（每格獨立）,格式「刷出數量=機率%」，機率總和 100。,11=30,12=30,13=15,14=15,15=10,0,0,0,0,0,0,0
227,0,8-寶店刷出數量,商店 Lv.14,刷出數量=機率%（每格獨立）,格式「刷出數量=機率%」，機率總和 100。,12=30,13=30,14=15,15=15,16=10,0,0,0,0,0,0,0
228,0,8-寶店刷出數量,商店 Lv.15,刷出數量=機率%（每格獨立）,格式「刷出數量=機率%」，機率總和 100。,13=30,14=30,15=15,16=15,17=10,0,0,0,0,0,0,0
229,0,8-寶店刷出數量,商店 Lv.16,刷出數量=機率%（每格獨立）,格式「刷出數量=機率%」，機率總和 100。,14=30,15=30,16=15,17=15,18=10,0,0,0,0,0,0,0
230,0,8-寶店刷出數量,商店 Lv.17,刷出數量=機率%（每格獨立）,格式「刷出數量=機率%」，機率總和 100。,15=30,16=30,17=15,18=15,19=10,0,0,0,0,0,0,0
231,0,8-寶店刷出數量,商店 Lv.18,刷出數量=機率%（每格獨立）,格式「刷出數量=機率%」，機率總和 100。,15=10,16=20,17=30,18=15,19=15,20=10,0,0,0,0,0,0
232,0,8-寶店刷出數量,商店 Lv.19,刷出數量=機率%（每格獨立）,格式「刷出數量=機率%」，機率總和 100。,15=10,16=20,17=30,18=15,19=15,20=10,0,0,0,0,0,0
233,0,8-寶店刷出數量,商店 Lv.20,刷出數量=機率%（每格獨立）,格式「刷出數量=機率%」，機率總和 100。,15=10,16=20,17=30,18=15,19=15,20=10,0,0,0,0,0,0
234,0,8-寶店刷出階級,商店 Lv.1,寶石階級=機率%（每顆獨立）,格式「階級=機率%」，機率總和 100。,1=75,2=20,3=4,4=1,0,0,0,0,0,0,0,0
235,0,8-寶店刷出階級,商店 Lv.2,寶石階級=機率%（每顆獨立）,格式「階級=機率%」，機率總和 100。,1=73,2=20,3=5,4=2,0,0,0,0,0,0,0,0
236,0,8-寶店刷出階級,商店 Lv.3,寶石階級=機率%（每顆獨立）,格式「階級=機率%」，機率總和 100。,1=71,2=20,3=6,4=3,0,0,0,0,0,0,0,0
237,0,8-寶店刷出階級,商店 Lv.4,寶石階級=機率%（每顆獨立）,格式「階級=機率%」，機率總和 100。,1=70.5,2=20,3=6,4=3,5=0.5,0,0,0,0,0,0,0
238,0,8-寶店刷出階級,商店 Lv.5,寶石階級=機率%（每顆獨立）,格式「階級=機率%」，機率總和 100。,1=69,2=20,3=6,4=4,5=1,0,0,0,0,0,0,0
239,0,8-寶店刷出階級,商店 Lv.6,寶石階級=機率%（每顆獨立）,格式「階級=機率%」，機率總和 100。,1=67.5,2=20,3=6,4=5,5=1.5,0,0,0,0,0,0,0
240,0,8-寶店刷出階級,商店 Lv.7,寶石階級=機率%（每顆獨立）,格式「階級=機率%」，機率總和 100。,1=64,2=20,3=8,4=6,5=2,0,0,0,0,0,0,0
241,0,8-寶店刷出階級,商店 Lv.8,寶石階級=機率%（每顆獨立）,格式「階級=機率%」，機率總和 100。,1=61.5,2=20,3=9,4=7,5=2.5,0,0,0,0,0,0,0
242,0,8-寶店刷出階級,商店 Lv.9,寶石階級=機率%（每顆獨立）,格式「階級=機率%」，機率總和 100。,1=59,2=20,3=10,4=8,5=3,0,0,0,0,0,0,0
243,0,8-寶店刷出階級,商店 Lv.10,寶石階級=機率%（每顆獨立）,格式「階級=機率%」，機率總和 100。,1=58,2=20,3=10,4=8,5=3.5,6=0.5,0,0,0,0,0,0
244,0,8-寶店刷出階級,商店 Lv.11,寶石階級=機率%（每顆獨立）,格式「階級=機率%」，機率總和 100。,1=57.25,2=20,3=10,4=8,5=4,6=0.75,0,0,0,0,0,0
245,0,8-寶店刷出階級,商店 Lv.12,寶石階級=機率%（每顆獨立）,格式「階級=機率%」，機率總和 100。,1=53.5,2=20,3=12,4=9,5=4.5,6=1,0,0,0,0,0,0
246,0,8-寶店刷出階級,商店 Lv.13,寶石階級=機率%（每顆獨立）,格式「階級=機率%」，機率總和 100。,1=53.25,2=20,3=12,4=9,5=4.5,6=1.25,0,0,0,0,0,0
247,0,8-寶店刷出階級,商店 Lv.14,寶石階級=機率%（每顆獨立）,格式「階級=機率%」，機率總和 100。,1=53,2=20,3=12,4=9,5=4.5,6=1.5,0,0,0,0,0,0
248,0,8-寶店刷出階級,商店 Lv.15,寶石階級=機率%（每顆獨立）,格式「階級=機率%」，機率總和 100。,1=51.5,2=20,3=12,4=10,5=5,6=1,7=0.5,0,0,0,0,0
249,0,8-寶店刷出階級,商店 Lv.16,寶石階級=機率%（每顆獨立）,格式「階級=機率%」，機率總和 100。,1=50.75,2=20,3=12,4=10,5=5,6=1.25,7=1,0,0,0,0,0
250,0,8-寶店刷出階級,商店 Lv.17,寶石階級=機率%（每顆獨立）,格式「階級=機率%」，機率總和 100。,1=50.5,2=20,3=12,4=10,5=5,6=1.25,7=1.25,0,0,0,0,0
251,0,8-寶店刷出階級,商店 Lv.18,寶石階級=機率%（每顆獨立）,格式「階級=機率%」，機率總和 100。,1=50,2=20,3=12,4=10,5=5,6=1.25,7=1.25,8=0.5,0,0,0,0
252,0,8-寶店刷出階級,商店 Lv.19,寶石階級=機率%（每顆獨立）,格式「階級=機率%」，機率總和 100。,1=49.65,2=20,3=12,4=10,5=5,6=1.25,7=1.25,8=0.75,9=0.1,0,0,0
253,0,8-寶店刷出階級,商店 Lv.20,寶石階級=機率%（每顆獨立）,格式「階級=機率%」，機率總和 100。,1=48.9,2=20,3=12,4=10,5=5,6=1.25,7=1.25,8=1,9=0.5,10=0.1,0,0
254,0,9-技能,技能原始傷害,(base + per×(等級-1))% × 攻擊力,各技能 base/per 見 skills.js 的 SKILLS 表（未納入本表）。,0,0,0,0,0,0,0,0,0,0,0,0
255,0,9-技能,一般技能法力消耗,round(原始消耗 × (1 + a×(技能等級-1))),非複利。a=每級增幅。,0.1,0,0,0,0,0,0,0,0,0,0,0
256,0,9-技能,多敵人技能傷害,原始傷害 × (1+範圍傷害%) ÷ 目標數,單一目標不套用範圍傷害、也不除以目標數。　※規則寫死：原始傷害×(1+範圍傷害%)÷目標數。,0,0,0,0,0,0,0,0,0,0,0,0
257,0,9-技能,實際冷卻,技能冷卻 × (1 - 冷卻縮減%),規則寫死：技能CD×(1-冷卻縮減%)。,0,0,0,0,0,0,0,0,0,0,0,0
258,0,9-技能,施放硬直,a 秒 × (1 - 施法速度%),延後下一次普攻。,0.5,0,0,0,0,0,0,0,0,0,0,0
259,0,9-技能,技能共用冷卻(GCD),a 秒（固定，不受冷卻縮減影響）,0,0.4,0,0,0,0,0,0,0,0,0,0,0
260,0,9-技能,升級費用,⌊a×當前等級 + b^(1 + 當前等級/c)⌋,"上限 5,000,000；降級全額退還。",20000,20,10,0,0,0,0,0,0,0,0,0
261,0,9-技能,技能樹門檻,第 N 階需在該系投入 N×a 點,a=每階門檻點數。,3,0,0,0,0,0,0,0,0,0,0,0
262,0,9-技能,等級上限,一般 20+轉生×10；被動 30+轉生×10；融合 素材加總+20+轉生×20,見「轉生對照表」。　※寫死：一般 20+轉生×10、被動 30+轉生×10、融合 素材加總+轉生×20。,0,0,0,0,0,0,0,0,0,0,0,0
263,0,9-技能,奧術衝擊(基礎技能),MP a／冷卻 b 秒／施法 c 秒／魔攻×d＋物攻×e,固定自動施放技能常數。,30,10,0.8,1.5,0.3,0,0,0,0,0,0,0
264,0,9-融合,素材繼承比例,各素材 base/per × a 後加總,a=FUSE_FACTOR。,0.75,0,0,0,0,0,0,0,0,0,0,0
265,0,9-融合,融合冷卻,素材最長冷卻 × a,0,1.25,0,0,0,0,0,0,0,0,0,0,0
266,0,9-融合,變異觸發率,a% + 幸運值/b,8 種變異，至多 1 種。,45,3,0,0,0,0,0,0,0,0,0,0
267,0,9-融合,DoT/控場/增益合併,DoT×0.7 同名取高最多2種；控場取最大×0.8；增益 base×0.8 最多2種,結構寫死：DoT×0.7、控場×0.8、增益×0.8，增益/減益各最多2種。,0,0,0,0,0,0,0,0,0,0,0,0
268,0,9-融合,融合技能法力消耗,round(素材原始消耗總和 × (1 + a×(融合技等級-1))),a=每級增幅。　※與「9-技能/一般技能法力消耗」共用公式，本列不生效。,0.1,0,0,0,0,0,0,0,0,0,0,0
269,0,10-離線,有效離線時間,"min(實際離線秒數, a 小時)",1 分鐘內不計。,24,0,0,0,0,0,0,0,0,0,0,0
270,0,10-離線,計算等級,捨去((目前地圖最高階段 - a) ÷ 10) × 10（下限 1）,a=等級扣減；以此等級的當前場景菁英怪計算離線收益（例：沼澤最高 256 → 246 捨去個位數 → 240 級沼澤菁英）。,10,0,0,0,0,0,0,0,0,0,0,0
271,0,10-離線,擊殺速率,每 a 秒擊殺 1 隻菁英怪,a=擊殺間隔秒數；擊殺數 = ⌊有效離線秒數 ÷ a⌋，每隻菁英怪及其掉落單獨擲骰。,20,0,0,0,0,0,0,0,0,0,0,0
272,0,表-稀有度,普通,（查表）,a=詞條數值倍率 b=詞條數下限 c=詞條數上限 d=寶石插槽 e=附魔欄位 f=分解係數。,1,1,2,1,1,1,0,0,0,0,0,0
273,0,表-稀有度,精良,（查表）,a=詞條數值倍率 b=詞條數下限 c=詞條數上限 d=寶石插槽 e=附魔欄位 f=分解係數。,1.35,1,2,1,1,1.7,0,0,0,0,0,0
274,0,表-稀有度,稀有,（查表）,a=詞條數值倍率 b=詞條數下限 c=詞條數上限 d=寶石插槽 e=附魔欄位 f=分解係數。,1.75,2,3,2,1,2.8,0,0,0,0,0,0
275,0,表-稀有度,獨特,（查表）,a=詞條數值倍率 b=詞條數下限 c=詞條數上限 d=寶石插槽 e=附魔欄位 f=分解係數。,2.3,3,4,2,2,4.5,0,0,0,0,0,0
276,0,表-稀有度,史詩,（查表）,a=詞條數值倍率 b=詞條數下限 c=詞條數上限 d=寶石插槽 e=附魔欄位 f=分解係數。,3,4,5,3,2,7.5,0,0,0,0,0,0
277,0,表-稀有度,傳說,（查表）,a=詞條數值倍率 b=詞條數下限 c=詞條數上限 d=寶石插槽 e=附魔欄位 f=分解係數。,4,4,5,4,2,12,0,0,0,0,0,0
278,0,表-稀有度,神話,（查表）,a=詞條數值倍率 b=詞條數下限 c=詞條數上限 d=寶石插槽 e=附魔欄位 f=分解係數。,5.2,6,6,5,3,19,0,0,0,0,0,0
279,0,表-稀有度,創世,（查表）,a=詞條數值倍率 b=詞條數下限 c=詞條數上限 d=寶石插槽 e=附魔欄位 f=分解係數。,6.8,7,7,6,3,30,0,0,0,0,0,0
280,0,表-稀有度,神鑄創世,（查表）,a=詞條數值倍率 b=詞條數下限 c=詞條數上限 d=寶石插槽 e=附魔欄位 f=分解係數。,10.2,7,7,6,3,45,0,0,0,0,0,0
281,0,表-詞條池,物理攻擊,基準值 = (a + a×b×(裝備等級-1)) × 稀有度倍率,a=一級基準 b=每級成長係數 c=出現權重 d=最低稀有度 e=百分比。,4,0.55,11,-,否,0,0,0,0,0,0,0
282,0,表-詞條池,物理攻擊%,基準值 = (a + a×b×(裝備等級-1)) × 稀有度倍率,a=一級基準 b=每級成長係數 c=出現權重 d=最低稀有度 e=百分比。,4,0.02,7,-,是,0,0,0,0,0,0,0
283,0,表-詞條池,魔法攻擊,基準值 = (a + a×b×(裝備等級-1)) × 稀有度倍率,a=一級基準 b=每級成長係數 c=出現權重 d=最低稀有度 e=百分比。,4,0.55,11,-,否,0,0,0,0,0,0,0
284,0,表-詞條池,魔法攻擊%,基準值 = (a + a×b×(裝備等級-1)) × 稀有度倍率,a=一級基準 b=每級成長係數 c=出現權重 d=最低稀有度 e=百分比。,4,0.02,7,-,是,0,0,0,0,0,0,0
285,0,表-詞條池,生命值,基準值 = (a + a×b×(裝備等級-1)) × 稀有度倍率,a=一級基準 b=每級成長係數 c=出現權重 d=最低稀有度 e=百分比。,22,3,11,-,否,0,0,0,0,0,0,0
286,0,表-詞條池,生命值%,基準值 = (a + a×b×(裝備等級-1)) × 稀有度倍率,a=一級基準 b=每級成長係數 c=出現權重 d=最低稀有度 e=百分比。,5,0.02,7,-,是,0,0,0,0,0,0,0
287,0,表-詞條池,生命恢復/秒,基準值 = (a + a×b×(裝備等級-1)) × 稀有度倍率,a=一級基準 b=每級成長係數 c=出現權重 d=最低稀有度 e=百分比。,2,0.5,5,-,否,0,0,0,0,0,0,0
288,0,表-詞條池,法力值,基準值 = (a + a×b×(裝備等級-1)) × 稀有度倍率,a=一級基準 b=每級成長係數 c=出現權重 d=最低稀有度 e=百分比。,10,1.2,5,-,否,0,0,0,0,0,0,0
289,0,表-詞條池,法力恢復/秒,基準值 = (a + a×b×(裝備等級-1)) × 稀有度倍率,a=一級基準 b=每級成長係數 c=出現權重 d=最低稀有度 e=百分比。,0.8,0.06,4,-,否,0,0,0,0,0,0,0
290,0,表-詞條池,力量,基準值 = (a + a×b×(裝備等級-1)) × 稀有度倍率,a=一級基準 b=每級成長係數 c=出現權重 d=最低稀有度 e=百分比。,3,0.4,8,-,否,0,0,0,0,0,0,0
291,0,表-詞條池,敏捷,基準值 = (a + a×b×(裝備等級-1)) × 稀有度倍率,a=一級基準 b=每級成長係數 c=出現權重 d=最低稀有度 e=百分比。,3,0.4,8,-,否,0,0,0,0,0,0,0
292,0,表-詞條池,智力,基準值 = (a + a×b×(裝備等級-1)) × 稀有度倍率,a=一級基準 b=每級成長係數 c=出現權重 d=最低稀有度 e=百分比。,3,0.4,8,-,否,0,0,0,0,0,0,0
293,0,表-詞條池,耐力,基準值 = (a + a×b×(裝備等級-1)) × 稀有度倍率,a=一級基準 b=每級成長係數 c=出現權重 d=最低稀有度 e=百分比。,3,0.4,8,-,否,0,0,0,0,0,0,0
294,0,表-詞條池,物理防禦,基準值 = (a + a×b×(裝備等級-1)) × 稀有度倍率,a=一級基準 b=每級成長係數 c=出現權重 d=最低稀有度 e=百分比。,3,0.35,9,-,否,0,0,0,0,0,0,0
295,0,表-詞條池,物理防禦%,基準值 = (a + a×b×(裝備等級-1)) × 稀有度倍率,a=一級基準 b=每級成長係數 c=出現權重 d=最低稀有度 e=百分比。,4,0.02,6,-,是,0,0,0,0,0,0,0
296,0,表-詞條池,魔法防禦,基準值 = (a + a×b×(裝備等級-1)) × 稀有度倍率,a=一級基準 b=每級成長係數 c=出現權重 d=最低稀有度 e=百分比。,3,0.35,9,-,否,0,0,0,0,0,0,0
297,0,表-詞條池,全局減傷,基準值 = (a + a×b×(裝備等級-1)) × 稀有度倍率,a=一級基準 b=每級成長係數 c=出現權重 d=最低稀有度 e=百分比。,3,0.35,9,史詩,否,0,0,0,0,0,0,0
298,0,表-詞條池,普通敵人傷害抗性,基準值 = (a + a×b×(裝備等級-1)) × 稀有度倍率,a=一級基準 b=每級成長係數 c=出現權重 d=最低稀有度 e=百分比。放出量約為物理防禦詞條的 2 倍；減傷公式見「3-戰鬥核心/敵種傷害抗性」。,6,0.35,9,獨特,否,0,0,0,0,0,0,0
299,0,表-詞條池,菁英傷害抗性,基準值 = (a + a×b×(裝備等級-1)) × 稀有度倍率,a=一級基準 b=每級成長係數 c=出現權重 d=最低稀有度 e=百分比。放出量約為物理防禦詞條的 2 倍；減傷公式見「3-戰鬥核心/敵種傷害抗性」。,6,0.35,9,獨特,否,0,0,0,0,0,0,0
300,0,表-詞條池,BOSS傷害抗性,基準值 = (a + a×b×(裝備等級-1)) × 稀有度倍率,a=一級基準 b=每級成長係數 c=出現權重 d=最低稀有度 e=百分比。放出量約為物理防禦詞條的 2 倍；減傷公式見「3-戰鬥核心/敵種傷害抗性」。,6,0.35,9,獨特,否,0,0,0,0,0,0,0
301,0,表-詞條池,攻擊速度%,基準值 = (a + a×b×(裝備等級-1)) × 稀有度倍率,a=一級基準 b=每級成長係數 c=出現權重 d=最低稀有度 e=百分比。,3,0.012,6,-,是,0,0,0,0,0,0,0
302,0,表-詞條池,暴擊率%,基準值 = (a + a×b×(裝備等級-1)) × 稀有度倍率,a=一級基準 b=每級成長係數 c=出現權重 d=最低稀有度 e=百分比。,2.5,0.012,6,-,是,0,0,0,0,0,0,0
303,0,表-詞條池,暴擊傷害%,基準值 = (a + a×b×(裝備等級-1)) × 稀有度倍率,a=一級基準 b=每級成長係數 c=出現權重 d=最低稀有度 e=百分比。,8,0.05,5,-,是,0,0,0,0,0,0,0
304,0,表-詞條池,物理穿透%,基準值 = (a + a×b×(裝備等級-1)) × 稀有度倍率,a=一級基準 b=每級成長係數 c=出現權重 d=最低稀有度 e=百分比。,3,0.015,4,精良,是,0,0,0,0,0,0,0
305,0,表-詞條池,魔法穿透%,基準值 = (a + a×b×(裝備等級-1)) × 稀有度倍率,a=一級基準 b=每級成長係數 c=出現權重 d=最低稀有度 e=百分比。,3,0.015,4,精良,是,0,0,0,0,0,0,0
306,0,表-詞條池,命中率%,基準值 = (a + a×b×(裝備等級-1)) × 稀有度倍率,a=一級基準 b=每級成長係數 c=出現權重 d=最低稀有度 e=百分比。,3,0.015,5,-,是,0,0,0,0,0,0,0
307,0,表-詞條池,冷卻縮減%,基準值 = (a + a×b×(裝備等級-1)) × 稀有度倍率,a=一級基準 b=每級成長係數 c=出現權重 d=最低稀有度 e=百分比。,2.5,0.01,4,稀有,是,0,0,0,0,0,0,0
308,0,表-詞條池,施法速度%,基準值 = (a + a×b×(裝備等級-1)) × 稀有度倍率,a=一級基準 b=每級成長係數 c=出現權重 d=最低稀有度 e=百分比。,3,0.012,4,稀有,是,0,0,0,0,0,0,0
309,0,表-詞條池,吸血%,基準值 = (a + a×b×(裝備等級-1)) × 稀有度倍率,a=一級基準 b=每級成長係數 c=出現權重 d=最低稀有度 e=百分比。,1.5,0.008,4,-,是,0,0,0,0,0,0,0
310,0,表-詞條池,吸魔%,基準值 = (a + a×b×(裝備等級-1)) × 稀有度倍率,a=一級基準 b=每級成長係數 c=出現權重 d=最低稀有度 e=百分比。,1.2,0.006,3,稀有,是,0,0,0,0,0,0,0
311,0,表-詞條池,對菁英傷害%,基準值 = (a + a×b×(裝備等級-1)) × 稀有度倍率,a=一級基準 b=每級成長係數 c=出現權重 d=最低稀有度 e=百分比。,4,0.02,4,獨特,是,0,0,0,0,0,0,0
312,0,表-詞條池,對BOSS傷害%,基準值 = (a + a×b×(裝備等級-1)) × 稀有度倍率,a=一級基準 b=每級成長係數 c=出現權重 d=最低稀有度 e=百分比。,4,0.02,4,獨特,是,0,0,0,0,0,0,0
313,0,表-詞條池,對普通敵人傷害%,基準值 = (a + a×b×(裝備等級-1)) × 稀有度倍率,a=一級基準 b=每級成長係數 c=出現權重 d=最低稀有度 e=百分比。基礎值恢復 10 倍；成長係數維持原值；僅對非菁英且非 BOSS 的普通敵人生效。,3,0.035,9,獨特,是,0,0,0,0,0,0,0
314,0,表-詞條池,範圍傷害%,基準值 = (a + a×b×(裝備等級-1)) × 稀有度倍率,a=一級基準 b=每級成長係數 c=出現權重 d=最低稀有度 e=百分比。,4,0.02,4,稀有,是,0,0,0,0,0,0,0
315,0,表-詞條池,格擋率%,基準值 = (a + a×b×(裝備等級-1)) × 稀有度倍率,a=一級基準 b=每級成長係數 c=出現權重 d=最低稀有度 e=百分比。,2.5,0.012,4,-,是,0,0,0,0,0,0,0
316,0,表-詞條池,格擋減傷%,基準值 = (a + a×b×(裝備等級-1)) × 稀有度倍率,a=一級基準 b=每級成長係數 c=出現權重 d=最低稀有度 e=百分比。,4,0.02,3,稀有,是,0,0,0,0,0,0,0
317,0,表-詞條池,閃避率%,基準值 = (a + a×b×(裝備等級-1)) × 稀有度倍率,a=一級基準 b=每級成長係數 c=出現權重 d=最低稀有度 e=百分比。,2,0.01,4,-,是,0,0,0,0,0,0,0
318,0,表-詞條池,韌性%,基準值 = (a + a×b×(裝備等級-1)) × 稀有度倍率,a=一級基準 b=每級成長係數 c=出現權重 d=最低稀有度 e=百分比。,4,0.02,3,稀有,是,0,0,0,0,0,0,0
319,0,表-詞條池,護盾效率%,基準值 = (a + a×b×(裝備等級-1)) × 稀有度倍率,a=一級基準 b=每級成長係數 c=出現權重 d=最低稀有度 e=百分比。,5,0.025,3,獨特,是,0,0,0,0,0,0,0
320,0,表-詞條池,物理抗性%,基準值 = (a + a×b×(裝備等級-1)) × 稀有度倍率,a=一級基準 b=每級成長係數 c=出現權重 d=最低稀有度 e=百分比。,2,0.008,3,獨特,是,0,0,0,0,0,0,0
321,0,表-詞條池,魔法抗性%,基準值 = (a + a×b×(裝備等級-1)) × 稀有度倍率,a=一級基準 b=每級成長係數 c=出現權重 d=最低稀有度 e=百分比。,2,0.008,3,獨特,是,0,0,0,0,0,0,0
322,0,表-詞條池,火焰抗性%,基準值 = (a + a×b×(裝備等級-1)) × 稀有度倍率,a=一級基準 b=每級成長係數 c=出現權重 d=最低稀有度 e=百分比。,4,0.02,3,精良,是,0,0,0,0,0,0,0
323,0,表-詞條池,冰霜抗性%,基準值 = (a + a×b×(裝備等級-1)) × 稀有度倍率,a=一級基準 b=每級成長係數 c=出現權重 d=最低稀有度 e=百分比。,4,0.02,3,精良,是,0,0,0,0,0,0,0
324,0,表-詞條池,雷電抗性%,基準值 = (a + a×b×(裝備等級-1)) × 稀有度倍率,a=一級基準 b=每級成長係數 c=出現權重 d=最低稀有度 e=百分比。,4,0.02,3,精良,是,0,0,0,0,0,0,0
325,0,表-詞條池,劇毒抗性%,基準值 = (a + a×b×(裝備等級-1)) × 稀有度倍率,a=一級基準 b=每級成長係數 c=出現權重 d=最低稀有度 e=百分比。,4,0.02,3,精良,是,0,0,0,0,0,0,0
326,0,表-詞條池,聖光抗性%,基準值 = (a + a×b×(裝備等級-1)) × 稀有度倍率,a=一級基準 b=每級成長係數 c=出現權重 d=最低稀有度 e=百分比。,4,0.02,3,精良,是,0,0,0,0,0,0,0
327,0,表-詞條池,暗影抗性%,基準值 = (a + a×b×(裝備等級-1)) × 稀有度倍率,a=一級基準 b=每級成長係數 c=出現權重 d=最低稀有度 e=百分比。,4,0.02,3,精良,是,0,0,0,0,0,0,0
328,0,表-詞條池,控制時間縮減%,基準值 = (a + a×b×(裝備等級-1)) × 稀有度倍率,a=一級基準 b=每級成長係數 c=出現權重 d=最低稀有度 e=百分比。,4,0.02,3,獨特,是,0,0,0,0,0,0,0
329,0,表-詞條池,移動速度%,基準值 = (a + a×b×(裝備等級-1)) × 稀有度倍率,a=一級基準 b=每級成長係數 c=出現權重 d=最低稀有度 e=百分比。,3,0.012,4,-,是,0,0,0,0,0,0,0
330,0,表-詞條池,掉寶率%,基準值 = (a + a×b×(裝備等級-1)) × 稀有度倍率,a=一級基準 b=每級成長係數 c=出現權重 d=最低稀有度 e=百分比。,3,0.015,4,獨特,是,0,0,0,0,0,0,0
331,0,表-詞條池,經驗加成%,基準值 = (a + a×b×(裝備等級-1)) × 稀有度倍率,a=一級基準 b=每級成長係數 c=出現權重 d=最低稀有度 e=百分比。,4,0.02,4,獨特,是（限飾品）,0,0,0,0,0,0,0
332,0,表-詞條池,金幣加成%,基準值 = (a + a×b×(裝備等級-1)) × 稀有度倍率,a=一級基準 b=每級成長係數 c=出現權重 d=最低稀有度 e=百分比。,5,0.025,4,獨特,是（限飾品）,0,0,0,0,0,0,0
333,0,表-詞條池,幸運值,基準值 = (a + a×b×(裝備等級-1)) × 稀有度倍率,a=一級基準 b=每級成長係數 c=出現權重 d=最低稀有度 e=百分比。,2,0.1,3,獨特,否（限飾品）,0,0,0,0,0,0,0
334,0,表-詞條池,負重上限,基準值 = (a + a×b×(裝備等級-1)) × 稀有度倍率,a=一級基準 b=每級成長係數 c=出現權重 d=最低稀有度 e=百分比。,2,0.3,3,-,否（限飾品）,0,0,0,0,0,0,0
335,0,表-詞條池,強化成功率%,基準值 = (a + a×b×(裝備等級-1)) × 稀有度倍率,a=一級基準 b=每級成長係數 c=出現權重 d=最低稀有度 e=百分比。,3,0.015,3,獨特,是,0,0,0,0,0,0,0
336,0,表-詞條池,分解高產率%,基準值 = (a + a×b×(裝備等級-1)) × 稀有度倍率,a=一級基準 b=每級成長係數 c=出現權重 d=最低稀有度 e=百分比。,3,0.015,3,獨特,是,0,0,0,0,0,0,0
337,0,表-詞條池,合成變異率%,基準值 = (a + a×b×(裝備等級-1)) × 稀有度倍率,a=一級基準 b=每級成長係數 c=出現權重 d=最低稀有度 e=百分比。,2.5,0.012,2,史詩,是,0,0,0,0,0,0,0
338,0,表-詞條池,狂暴閾值+,基準值 = (a + a×b×(裝備等級-1)) × 稀有度倍率,a=一級基準 b=每級成長係數 c=出現權重 d=最低稀有度 e=百分比。,2,0.08,2,史詩,否,0,0,0,0,0,0,0
339,0,表-詞條池,詞條上限率%,基準值 = (a + a×b×(裝備等級-1)) × 稀有度倍率,a=一級基準 b=每級成長係數 c=出現權重 d=最低稀有度 e=百分比。,3,0.015,2,史詩,是（限飾品）,0,0,0,0,0,0,0
340,0,表-詞條池,寶石鑲嵌效率%,基準值 = (a + a×b×(裝備等級-1)) × 稀有度倍率,a=一級基準 b=每級成長係數 c=出現權重 d=最低稀有度 e=百分比。,5,0.025,2,史詩,是（限飾品）,0,0,0,0,0,0,0
341,0,表-特殊被動,破甲,數值 = a + b×(稀有度-2),a=稀有級基準 b=每高一階 c=多件疊加後上限。稀有級以上才附帶。,10,2,—,0,0,0,0,0,0,0,0,0
342,0,表-特殊被動,反震,數值 = a + b×(稀有度-2),a=稀有級基準 b=每高一階 c=多件疊加後上限。稀有級以上才附帶。,5,1,—,0,0,0,0,0,0,0,0,0
343,0,表-特殊被動,連擊,數值 = a + b×(稀有度-2),a=稀有級基準 b=每高一階 c=多件疊加後上限。稀有級以上才附帶。,10,2,45,0,0,0,0,0,0,0,0,0
344,0,表-特殊被動,暈眩,數值 = a + b×(稀有度-2),a=稀有級基準 b=每高一階 c=多件疊加後上限。稀有級以上才附帶。,6,1.5,30,0,0,0,0,0,0,0,0,0
345,0,表-特殊被動,減速,數值 = a + b×(稀有度-2),a=稀有級基準 b=每高一階 c=多件疊加後上限。稀有級以上才附帶。,12,3,—,0,0,0,0,0,0,0,0,0
346,0,表-特殊被動,真傷,數值 = a + b×(稀有度-2),a=稀有級基準 b=每高一階 c=多件疊加後上限。稀有級以上才附帶。,6,1.5,—,0,0,0,0,0,0,0,0,0
347,0,表-特殊被動,吸魂,數值 = a + b×(稀有度-2),a=稀有級基準 b=每高一階 c=多件疊加後上限。稀有級以上才附帶。,5,1.5,—,0,0,0,0,0,0,0,0,0
348,0,表-神鑄特效,龍血,"數值 = a × rnd(0.8, 1.2)",生命上限提高 v%（僅神鑄創世裝備，生成必帶 2 條）。,25,0,0,0,0,0,0,0,0,0,0,0
349,0,表-神鑄特效,神力,"數值 = a × rnd(0.8, 1.2)",物理與魔法攻擊額外提高 v%（額外乘區）（僅神鑄創世裝備，生成必帶 2 條）。,18,0,0,0,0,0,0,0,0,0,0,0
350,0,表-神鑄特效,神速,"數值 = a × rnd(0.8, 1.2)",攻擊速度提高 v%（僅神鑄創世裝備，生成必帶 2 條）。,15,0,0,0,0,0,0,0,0,0,0,0
351,0,表-神鑄特效,屠神,"數值 = a × rnd(0.8, 1.2)",對菁英與 BOSS 傷害提高 v%（僅神鑄創世裝備，生成必帶 2 條）。,30,0,0,0,0,0,0,0,0,0,0,0
352,0,表-神鑄特效,貪婪,"數值 = a × rnd(0.8, 1.2)",金幣加成與掉寶率提高 v%（僅神鑄創世裝備，生成必帶 2 條）。,25,0,0,0,0,0,0,0,0,0,0,0
353,0,表-神鑄特效,神壁,"數值 = a × rnd(0.8, 1.2)",物理與魔法防禦提高 v%（僅神鑄創世裝備，生成必帶 2 條）。,25,0,0,0,0,0,0,0,0,0,0,0
354,0,表-神鑄特效,天罰,"數值 = a × rnd(0.8, 1.2)",攻擊時 v% 機率降下神雷（250% 物攻真實傷害）（僅神鑄創世裝備，生成必帶 2 條）。,12,0,0,0,0,0,0,0,0,0,0,0
355,0,表-神鑄特效,破滅,"數值 = a × rnd(0.8, 1.2)",暴擊時 v% 機率傷害翻倍（僅神鑄創世裝備，生成必帶 2 條）。,15,0,0,0,0,0,0,0,0,0,0,0
356,0,表-神鑄特效,聖佑,"數值 = a × rnd(0.8, 1.2)",受到的所有傷害降低 v%（上限 50%）（僅神鑄創世裝備，生成必帶 2 條）。,8,0,0,0,0,0,0,0,0,0,0,0
357,0,表-神鑄特效,不朽,"數值 = a × rnd(0.8, 1.2)",致命時 v% 機率保 1 血並回復 30%（60 秒限一次）（僅神鑄創世裝備，生成必帶 2 條）。,30,0,0,0,0,0,0,0,0,0,0,0
358,0,表-神鑄特效,萬象汲取,"數值 = a × rnd(0.8, 1.2)",攻擊時額外回復造成傷害 v% 的生命與法力（僅神鑄創世裝備，生成必帶 2 條）。,5,0,0,0,0,0,0,0,0,0,0,0
359,0,表-神鑄特效,神怒,"數值 = a × rnd(0.8, 1.2)",生命低於 30% 時傷害提高 v%（僅神鑄創世裝備，生成必帶 2 條）。,35,0,0,0,0,0,0,0,0,0,0,0
360,0,表-寶石種類,紅寶石,數值 = a × 等級 × (1+0.2×(等級-1)),對應屬性=b。a=一級基準 c=百分比。,6,物理攻擊,否,0,0,0,0,0,0,0,0,0
361,0,表-寶石種類,藍寶石,數值 = a × 等級 × (1+0.2×(等級-1)),對應屬性=b。a=一級基準 c=百分比。,6,魔法攻擊,否,0,0,0,0,0,0,0,0,0
362,0,表-寶石種類,黃玉,數值 = a × 等級 × (1+0.2×(等級-1)),對應屬性=b。a=一級基準 c=百分比。,40,生命值,否,0,0,0,0,0,0,0,0,0
363,0,表-寶石種類,綠寶石,數值 = a × 等級 × (1+0.2×(等級-1)),對應屬性=b。a=一級基準 c=百分比。,3,生命恢復/秒,否,0,0,0,0,0,0,0,0,0
364,0,表-寶石種類,鑽石,數值 = a × 等級 × (1+0.2×(等級-1)),對應屬性=b。a=一級基準 c=百分比。,5,物理防禦,否,0,0,0,0,0,0,0,0,0
365,0,表-寶石種類,青金石,數值 = a × 等級 × (1+0.2×(等級-1)),對應屬性=b。a=一級基準 c=百分比。,5,魔法防禦,否,0,0,0,0,0,0,0,0,0
366,0,表-寶石種類,紫水晶,數值 = a × 等級 × (1+0.2×(等級-1)),對應屬性=b。a=一級基準 c=百分比。,1.5,暴擊率%,是,0,0,0,0,0,0,0,0,0
367,0,表-寶石種類,石榴石,數值 = a × 等級 × (1+0.2×(等級-1)),對應屬性=b。a=一級基準 c=百分比。,5,暴擊傷害%,是,0,0,0,0,0,0,0,0,0
368,0,表-寶石種類,蛋白石,數值 = a × 等級 × (1+0.2×(等級-1)),對應屬性=b。a=一級基準 c=百分比。,1.5,攻擊速度%,是,0,0,0,0,0,0,0,0,0
369,0,表-寶石種類,黑曜石,數值 = a × 等級 × (1+0.2×(等級-1)),對應屬性=b。a=一級基準 c=百分比。,1,吸血%,是,0,0,0,0,0,0,0,0,0
370,0,表-寶石種類,月光石,數值 = a × 等級 × (1+0.2×(等級-1)),對應屬性=b。a=一級基準 c=百分比。,1,閃避率%,是,0,0,0,0,0,0,0,0,0
371,0,表-寶石種類,太陽石,數值 = a × 等級 × (1+0.2×(等級-1)),對應屬性=b。a=一級基準 c=百分比。,1.5,幸運值,否,0,0,0,0,0,0,0,0,0
372,0,表-寶石種類,翡翠,數值 = a × 等級 × (1+0.2×(等級-1)),對應屬性=b。a=一級基準 c=百分比。,1.5,韌性%,是,0,0,0,0,0,0,0,0,0
373,0,表-寶石種類,綠松石,數值 = a × 等級 × (1+0.2×(等級-1)),對應屬性=b。a=一級基準 c=百分比。,1,格擋率%,是,0,0,0,0,0,0,0,0,0
374,0,表-寶石種類,瑪瑙,數值 = a × 等級 × (1+0.2×(等級-1)),對應屬性=b。a=一級基準 c=百分比。,1.5,格擋減傷%,是,0,0,0,0,0,0,0,0,0
375,0,表-寶石種類,珍珠,數值 = a × 等級 × (1+0.2×(等級-1)),對應屬性=b。a=一級基準 c=百分比。,2,護盾效率%,是,0,0,0,0,0,0,0,0,0
376,0,表-寶石種類,孔雀石,數值 = a × 等級 × (1+0.2×(等級-1)),對應屬性=b。a=一級基準 c=百分比。,0.8,物理抗性%,是,0,0,0,0,0,0,0,0,0
377,0,表-寶石種類,螢石,數值 = a × 等級 × (1+0.2×(等級-1)),對應屬性=b。a=一級基準 c=百分比。,0.8,魔法抗性%,是,0,0,0,0,0,0,0,0,0
378,0,表-自動機組零件,加速齒輪,效果值 = a × 階級(T1~T7),節點=b。分解速度 +v%/階（另固定+50 個百分點）（掉寶類零件效果實際×0.5）。,25,salvage,0,0,0,0,0,0,0,0,0,0
379,0,表-自動機組零件,碎片熔煉爐,效果值 = a × 階級(T1~T7),節點=b。分解碎片產量 +v%/階（掉寶類零件效果實際×0.5）。,20,salvage,0,0,0,0,0,0,0,0,0,0
380,0,表-自動機組零件,淘金濾網,效果值 = a × 階級(T1~T7),節點=b。分解金幣產量 +v%/階（掉寶類零件效果實際×0.5）。,25,salvage,0,0,0,0,0,0,0,0,0,0
381,0,表-自動機組零件,精粹透鏡,效果值 = a × 階級(T1~T7),節點=b。附魔精華拆解產出率 +v%/階（掉寶類零件效果實際×0.5）。,20,salvage,0,0,0,0,0,0,0,0,0,0
382,0,表-自動機組零件,拓本回收臂,效果值 = a × 階級(T1~T7),節點=b。分解 v%/階 機率回收 1 本附魔書（掉寶類零件效果實際×0.5）。,0.4,salvage,0,0,0,0,0,0,0,0,0,0
383,0,表-自動機組零件,複製處理艙,效果值 = a × 階級(T1~T7),節點=b。分解 v%/階 機率碎片+金幣翻倍（掉寶類零件效果實際×0.5）。,3,salvage,0,0,0,0,0,0,0,0,0,0
384,0,表-自動機組零件,知識回收器,效果值 = a × 階級(T1~T7),節點=b。分解 v%/階 機率獲得經驗(裝備等級×25)（掉寶類零件效果實際×0.5）。,1.5,salvage,0,0,0,0,0,0,0,0,0,0
385,0,表-自動機組零件,探礦核心,效果值 = a × 階級(T1~T7),節點=b。分解 v%/階 機率額外掉一個零件（掉寶類零件效果實際×0.5）。,0.15,salvage,0,0,0,0,0,0,0,0,0,0
386,0,表-自動機組零件,幸運晶片,效果值 = a × 階級(T1~T7),節點=b。分解 v%/階 機率大豐收(碎片/金幣/精華×3)（掉寶類零件效果實際×0.5）。,0.5,salvage,0,0,0,0,0,0,0,0,0,0
387,0,表-自動機組零件,太古精華萃取器,效果值 = a × 階級(T1~T7),節點=b。分解太古精華掉落率 +v%/階（掉寶類零件效果實際×0.5）。,25,salvage,0,0,0,0,0,0,0,0,0,0
388,0,表-自動機組零件,幸運核心,效果值 = a × 階級(T1~T7),節點=b。合成大成功率 +v%/階（掉寶類零件效果實際×0.5）。,8,synth,0,0,0,0,0,0,0,0,0,0
389,0,表-自動機組零件,重骰模組,效果值 = a × 階級(T1~T7),節點=b。合成詞條重骰機率 +v%/階（掉寶類零件效果實際×0.5）。,15,synth,0,0,0,0,0,0,0,0,0,0
390,0,表-固定參數,出怪間隔,a 秒 × (1-移動速度%),RESPAWN_DELAY。,0.8,0,0,0,0,0,0,0,0,0,0,0
391,0,表-固定參數,死亡復活時間,a 秒,REVIVE_DELAY。,3,0,0,0,0,0,0,0,0,0,0,0
392,0,表-固定參數,零件階級上限,T a,PART_MAX_TIER。,7,0,0,0,0,0,0,0,0,0,0,0
393,0,表-固定參數,零件庫存保留,每種未安裝最多保留 a 顆,PART_KEEP_PER_KEY，多餘自動分解。,10,0,0,0,0,0,0,0,0,0,0,0
394,0,表-固定參數,合成節點槽位,a 格,分解槽為金幣解鎖 10~20 格。　※合成功能已停用，本列未生效。,2,0,0,0,0,0,0,0,0,0,0,0
395,0,表-固定參數,寶石一般上限 / 神鑄上限,一般 a 階；神鑄可到 b 階,GEM_MAX_LEVEL / GEM_FORGE_MAX_LEVEL。,5,10,0,0,0,0,0,0,0,0,0,0
396,0,表-固定參數,詞條數硬上限,a 條,MAX_AFFIXES = 創世 7 條 + 詞條上限率突破 1 條。單件裝備可堆疊的最大詞條數。,8,0,0,0,0,0,0,0,0,0,0,0
397,0,表-戰力權重,物理攻擊,評分權重 = a,「戰力評分」中該詞條/對應寶石屬性的權重；未列出者以 1 計。,1,0,0,0,0,0,0,0,0,0,0,0
398,0,表-戰力權重,物理攻擊%,評分權重 = a,「戰力評分」中該詞條/對應寶石屬性的權重；未列出者以 1 計。,2.6,0,0,0,0,0,0,0,0,0,0,0
399,0,表-戰力權重,魔法攻擊,評分權重 = a,「戰力評分」中該詞條/對應寶石屬性的權重；未列出者以 1 計。,1,0,0,0,0,0,0,0,0,0,0,0
400,0,表-戰力權重,魔法攻擊%,評分權重 = a,「戰力評分」中該詞條/對應寶石屬性的權重；未列出者以 1 計。,2.6,0,0,0,0,0,0,0,0,0,0,0
401,0,表-戰力權重,生命值,評分權重 = a,「戰力評分」中該詞條/對應寶石屬性的權重；未列出者以 1 計。,0.16,0,0,0,0,0,0,0,0,0,0,0
402,0,表-戰力權重,生命值%,評分權重 = a,「戰力評分」中該詞條/對應寶石屬性的權重；未列出者以 1 計。,2.2,0,0,0,0,0,0,0,0,0,0,0
403,0,表-戰力權重,生命恢復/秒,評分權重 = a,「戰力評分」中該詞條/對應寶石屬性的權重；未列出者以 1 計。,0.6,0,0,0,0,0,0,0,0,0,0,0
404,0,表-戰力權重,物理防禦,評分權重 = a,「戰力評分」中該詞條/對應寶石屬性的權重；未列出者以 1 計。,0.9,0,0,0,0,0,0,0,0,0,0,0
405,0,表-戰力權重,物理防禦%,評分權重 = a,「戰力評分」中該詞條/對應寶石屬性的權重；未列出者以 1 計。,1.8,0,0,0,0,0,0,0,0,0,0,0
406,0,表-戰力權重,魔法防禦,評分權重 = a,「戰力評分」中該詞條/對應寶石屬性的權重；未列出者以 1 計。,0.9,0,0,0,0,0,0,0,0,0,0,0
407,0,表-戰力權重,法力值,評分權重 = a,「戰力評分」中該詞條/對應寶石屬性的權重；未列出者以 1 計。,0.25,0,0,0,0,0,0,0,0,0,0,0
408,0,表-戰力權重,法力恢復/秒,評分權重 = a,「戰力評分」中該詞條/對應寶石屬性的權重；未列出者以 1 計。,2,0,0,0,0,0,0,0,0,0,0,0
409,0,表-戰力權重,力量,評分權重 = a,「戰力評分」中該詞條/對應寶石屬性的權重；未列出者以 1 計。,1.8,0,0,0,0,0,0,0,0,0,0,0
410,0,表-戰力權重,敏捷,評分權重 = a,「戰力評分」中該詞條/對應寶石屬性的權重；未列出者以 1 計。,1.8,0,0,0,0,0,0,0,0,0,0,0
411,0,表-戰力權重,智力,評分權重 = a,「戰力評分」中該詞條/對應寶石屬性的權重；未列出者以 1 計。,1.8,0,0,0,0,0,0,0,0,0,0,0
412,0,表-戰力權重,耐力,評分權重 = a,「戰力評分」中該詞條/對應寶石屬性的權重；未列出者以 1 計。,1.8,0,0,0,0,0,0,0,0,0,0,0
413,0,表-戰力權重,攻擊速度%,評分權重 = a,「戰力評分」中該詞條/對應寶石屬性的權重；未列出者以 1 計。,2.8,0,0,0,0,0,0,0,0,0,0,0
414,0,表-戰力權重,暴擊率%,評分權重 = a,「戰力評分」中該詞條/對應寶石屬性的權重；未列出者以 1 計。,2.4,0,0,0,0,0,0,0,0,0,0,0
415,0,表-戰力權重,暴擊傷害%,評分權重 = a,「戰力評分」中該詞條/對應寶石屬性的權重；未列出者以 1 計。,0.9,0,0,0,0,0,0,0,0,0,0,0
416,0,表-戰力權重,物理穿透%,評分權重 = a,「戰力評分」中該詞條/對應寶石屬性的權重；未列出者以 1 計。,2.2,0,0,0,0,0,0,0,0,0,0,0
417,0,表-戰力權重,魔法穿透%,評分權重 = a,「戰力評分」中該詞條/對應寶石屬性的權重；未列出者以 1 計。,2.2,0,0,0,0,0,0,0,0,0,0,0
418,0,表-戰力權重,命中率%,評分權重 = a,「戰力評分」中該詞條/對應寶石屬性的權重；未列出者以 1 計。,1.2,0,0,0,0,0,0,0,0,0,0,0
419,0,表-戰力權重,冷卻縮減%,評分權重 = a,「戰力評分」中該詞條/對應寶石屬性的權重；未列出者以 1 計。,2,0,0,0,0,0,0,0,0,0,0,0
420,0,表-戰力權重,施法速度%,評分權重 = a,「戰力評分」中該詞條/對應寶石屬性的權重；未列出者以 1 計。,1.4,0,0,0,0,0,0,0,0,0,0,0
421,0,表-戰力權重,吸血%,評分權重 = a,「戰力評分」中該詞條/對應寶石屬性的權重；未列出者以 1 計。,2.2,0,0,0,0,0,0,0,0,0,0,0
422,0,表-戰力權重,吸魔%,評分權重 = a,「戰力評分」中該詞條/對應寶石屬性的權重；未列出者以 1 計。,1.4,0,0,0,0,0,0,0,0,0,0,0
423,0,表-戰力權重,對菁英傷害%,評分權重 = a,「戰力評分」中該詞條/對應寶石屬性的權重；未列出者以 1 計。,1.2,0,0,0,0,0,0,0,0,0,0,0
424,0,表-戰力權重,對BOSS傷害%,評分權重 = a,「戰力評分」中該詞條/對應寶石屬性的權重；未列出者以 1 計。,1.2,0,0,0,0,0,0,0,0,0,0,0
425,0,表-戰力權重,對普通敵人傷害%,評分權重 = a,「戰力評分」中該詞條/對應寶石屬性的權重；未列出者以 1 計。,1.2,0,0,0,0,0,0,0,0,0,0,0
426,0,表-戰力權重,範圍傷害%,評分權重 = a,「戰力評分」中該詞條/對應寶石屬性的權重；未列出者以 1 計。,1.4,0,0,0,0,0,0,0,0,0,0,0
427,0,表-戰力權重,全局減傷,評分權重 = a,「戰力評分」中該詞條/對應寶石屬性的權重；未列出者以 1 計。,1,0,0,0,0,0,0,0,0,0,0,0
428,0,表-戰力權重,普通敵人傷害抗性,評分權重 = a,「戰力評分」中該詞條/對應寶石屬性的權重；未列出者以 1 計。,1,0,0,0,0,0,0,0,0,0,0,0
429,0,表-戰力權重,菁英傷害抗性,評分權重 = a,「戰力評分」中該詞條/對應寶石屬性的權重；未列出者以 1 計。,1,0,0,0,0,0,0,0,0,0,0,0
430,0,表-戰力權重,BOSS傷害抗性,評分權重 = a,「戰力評分」中該詞條/對應寶石屬性的權重；未列出者以 1 計。,1,0,0,0,0,0,0,0,0,0,0,0
431,0,表-戰力權重,格擋率%,評分權重 = a,「戰力評分」中該詞條/對應寶石屬性的權重；未列出者以 1 計。,2,0,0,0,0,0,0,0,0,0,0,0
432,0,表-戰力權重,格擋減傷%,評分權重 = a,「戰力評分」中該詞條/對應寶石屬性的權重；未列出者以 1 計。,1.2,0,0,0,0,0,0,0,0,0,0,0
433,0,表-戰力權重,閃避率%,評分權重 = a,「戰力評分」中該詞條/對應寶石屬性的權重；未列出者以 1 計。,2.2,0,0,0,0,0,0,0,0,0,0,0
434,0,表-戰力權重,韌性%,評分權重 = a,「戰力評分」中該詞條/對應寶石屬性的權重；未列出者以 1 計。,1.2,0,0,0,0,0,0,0,0,0,0,0
435,0,表-戰力權重,護盾效率%,評分權重 = a,「戰力評分」中該詞條/對應寶石屬性的權重；未列出者以 1 計。,1,0,0,0,0,0,0,0,0,0,0,0
436,0,表-戰力權重,物理抗性%,評分權重 = a,「戰力評分」中該詞條/對應寶石屬性的權重；未列出者以 1 計。,2,0,0,0,0,0,0,0,0,0,0,0
437,0,表-戰力權重,魔法抗性%,評分權重 = a,「戰力評分」中該詞條/對應寶石屬性的權重；未列出者以 1 計。,2,0,0,0,0,0,0,0,0,0,0,0
438,0,表-戰力權重,火焰抗性%,評分權重 = a,「戰力評分」中該詞條/對應寶石屬性的權重；未列出者以 1 計。,0.8,0,0,0,0,0,0,0,0,0,0,0
439,0,表-戰力權重,冰霜抗性%,評分權重 = a,「戰力評分」中該詞條/對應寶石屬性的權重；未列出者以 1 計。,0.8,0,0,0,0,0,0,0,0,0,0,0
440,0,表-戰力權重,雷電抗性%,評分權重 = a,「戰力評分」中該詞條/對應寶石屬性的權重；未列出者以 1 計。,0.8,0,0,0,0,0,0,0,0,0,0,0
441,0,表-戰力權重,劇毒抗性%,評分權重 = a,「戰力評分」中該詞條/對應寶石屬性的權重；未列出者以 1 計。,0.8,0,0,0,0,0,0,0,0,0,0,0
442,0,表-戰力權重,聖光抗性%,評分權重 = a,「戰力評分」中該詞條/對應寶石屬性的權重；未列出者以 1 計。,0.8,0,0,0,0,0,0,0,0,0,0,0
443,0,表-戰力權重,暗影抗性%,評分權重 = a,「戰力評分」中該詞條/對應寶石屬性的權重；未列出者以 1 計。,0.8,0,0,0,0,0,0,0,0,0,0,0
444,0,表-戰力權重,控制時間縮減%,評分權重 = a,「戰力評分」中該詞條/對應寶石屬性的權重；未列出者以 1 計。,1.2,0,0,0,0,0,0,0,0,0,0,0
445,0,表-戰力權重,移動速度%,評分權重 = a,「戰力評分」中該詞條/對應寶石屬性的權重；未列出者以 1 計。,1.5,0,0,0,0,0,0,0,0,0,0,0
446,0,表-戰力權重,掉寶率%,評分權重 = a,「戰力評分」中該詞條/對應寶石屬性的權重；未列出者以 1 計。,0.8,0,0,0,0,0,0,0,0,0,0,0
447,0,表-戰力權重,經驗加成%,評分權重 = a,「戰力評分」中該詞條/對應寶石屬性的權重；未列出者以 1 計。,0.8,0,0,0,0,0,0,0,0,0,0,0
448,0,表-戰力權重,金幣加成%,評分權重 = a,「戰力評分」中該詞條/對應寶石屬性的權重；未列出者以 1 計。,0.8,0,0,0,0,0,0,0,0,0,0,0
449,0,表-戰力權重,幸運值,評分權重 = a,「戰力評分」中該詞條/對應寶石屬性的權重；未列出者以 1 計。,1.5,0,0,0,0,0,0,0,0,0,0,0
450,0,表-戰力權重,負重上限,評分權重 = a,「戰力評分」中該詞條/對應寶石屬性的權重；未列出者以 1 計。,0.8,0,0,0,0,0,0,0,0,0,0,0
451,0,表-戰力權重,強化成功率%,評分權重 = a,「戰力評分」中該詞條/對應寶石屬性的權重；未列出者以 1 計。,0.8,0,0,0,0,0,0,0,0,0,0,0
452,0,表-戰力權重,分解高產率%,評分權重 = a,「戰力評分」中該詞條/對應寶石屬性的權重；未列出者以 1 計。,0.8,0,0,0,0,0,0,0,0,0,0,0
453,0,表-戰力權重,合成變異率%,評分權重 = a,「戰力評分」中該詞條/對應寶石屬性的權重；未列出者以 1 計。,1.2,0,0,0,0,0,0,0,0,0,0,0
454,0,表-戰力權重,狂暴閾值+,評分權重 = a,「戰力評分」中該詞條/對應寶石屬性的權重；未列出者以 1 計。,1,0,0,0,0,0,0,0,0,0,0,0
455,0,表-戰力權重,詞條上限率%,評分權重 = a,「戰力評分」中該詞條/對應寶石屬性的權重；未列出者以 1 計。,1.2,0,0,0,0,0,0,0,0,0,0,0
456,0,表-戰力權重,寶石鑲嵌效率%,評分權重 = a,「戰力評分」中該詞條/對應寶石屬性的權重；未列出者以 1 計。,1,0,0,0,0,0,0,0,0,0,0,0
